merge_key,violation_count,weighted_violations,center_lat,center_lon,police_station,junction_name,night_count,night_ratio,zone_criticality,recurrence_rate,impact_score,impact_score_log,impact_score_norm,rank,priority_tier
BTP051 - Safina Plaza Junction,15449,23735.0,12.981212065557246,77.60869513989651,Shivajinagar,BTP051 - Safina Plaza Junction,11065,71.6,3,42.867,3052344.74,14.931420948063494,100.0,1,High
BTP082 - KR Market Junction,11538,20488.0,12.964423750642322,77.57724121294086,City Market,BTP082 - KR Market Junction,5419,47.0,3,32.015,1967769.96,14.492411967707591,96.7,2,High
BTP044 - Sagar Theatre Junction,10549,17790.0,12.974938996857006,77.57889570478889,Upparpet,BTP044 - Sagar Theatre Junction,6873,65.2,3,29.27,1562139.9,14.26156781017911,94.9,3,High
BTP040 - Elite Junction,10718,14697.0,12.976596713370032,77.5766021547117,Upparpet,BTP040 - Elite Junction,6896,64.3,3,29.739,1311222.25,14.086471038103237,93.6,4,High
BTP211 - Central Street Junction,5388,9810.5,12.983371022821446,77.60345435130863,Shivajinagar,BTP211 - Central Street Junction,2830,52.5,3,14.95,440000.92,12.994534369521286,85.2,5,High
BTP058 - Subbanna Junction,5189,9440.0,12.979021616597574,77.57866101486218,Upparpet,BTP058 - Subbanna Junction,1923,37.1,3,14.398,407751.36,12.918415308326718,84.7,6,High
HAL Old Airport_12.933_77.691,6548,7292.0,12.933513690293381,77.69101170360582,HAL Old Airport,No Junction,3743,57.2,2,18.169,264976.7,12.487400950484075,81.4,7,High
BTP057 - Anand Rao Junction,3935,8036.5,12.979395373087675,77.57438830726811,Upparpet,BTP057 - Anand Rao Junction,1838,46.7,3,10.918,263227.52,12.480777831225538,81.3,8,High
BTP027 - Modi Bridge Junction,4584,5432.5,12.998897494610551,77.54941567682627,Rajajinagar,BTP027 - Modi Bridge Junction,2973,64.9,3,12.719,207287.9,12.241868751404148,79.5,9,High
"BTP080 - NR Road, SP Road Junction",3681,6630.5,12.96439657572473,77.58316820553203,Halasuru Gate,"BTP080 - NR Road, SP Road Junction",2676,72.7,3,10.214,203171.78,12.221812029020551,79.3,10,High
"BTP083 - AS Char Street, Mysore Road",2778,8004.5,12.966450044406306,77.57440287238298,Chamarajpet,"BTP083 - AS Char Street, Mysore Road",1217,43.8,3,7.708,185096.06,12.128635615129127,78.6,11,High
BTP045 - Danvanthri Road Junction,3181,5915.0,12.977065128575921,77.57478964140208,Upparpet,BTP045 - Danvanthri Road Junction,1610,50.6,3,8.826,156617.37,11.961567360895389,77.4,12,High
BTP020 - Hosahalli Metro Station,4101,4276.5,12.97414419858571,77.54529421309437,Vijayanagara,BTP020 - Hosahalli Metro Station,2231,54.4,3,11.379,145986.88,11.891278883546015,76.8,13,High
Kodigehalli_13.071_77.589,4817,5113.5,13.071128435056474,77.58804468737286,Kodigehalli,No Junction,2571,53.4,2,13.366,136694.08,11.825508030842688,76.3,14,High
Chikkajala_13.185_77.679,3036,7648.5,13.184516546992754,77.67975240714098,Chikkajala,No Junction,840,27.7,2,8.424,128861.93,11.76650456028917,75.9,15,High
"BTP001 - 10th Cross, Dr. Rajkumar Road",2812,4024.5,13.007811443262298,77.55465340067576,Malleshwaram,"BTP001 - 10th Cross, Dr. Rajkumar Road",1475,52.5,3,7.802,94197.45,11.453159006076639,73.5,16,High
BTP032 - Windsor Circle,2749,3153.5,12.99308791268715,77.58818366254266,High ground,BTP032 - Windsor Circle,1118,40.7,3,7.628,72164.69,11.186720004177696,71.4,17,High
Malleshwaram_13.011000000000001_77.553,2809,4595.0,13.01189744218583,77.55335019362762,Malleshwaram,No Junction,1965,70.0,2,7.794,71626.86,11.179239383411824,71.4,18,High
"BTP016 - 5th Main Road, RPC Layout",2474,3112.0,12.965246043934675,77.5378432820211,Vijayanagara,"BTP016 - 5th Main Road, RPC Layout",950,38.4,3,6.865,64091.64,11.068084815723548,70.5,19,High
BTP038 - Mysore Bank Junction,2021,3715.0,12.973430411726868,77.58124380880751,Upparpet,BTP038 - Mysore Bank Junction,1320,65.3,3,5.608,62501.16,11.04295639512731,70.4,20,High
BTP043 - Upparpet Junction,1786,3878.0,12.971139927984629,77.57557195804274,City Market,BTP043 - Upparpet Junction,1171,65.6,3,4.956,57658.1,10.962303362329681,69.7,21,High
BTP104 - Medical College Circle,1508,4475.0,12.959562748076925,77.57661357181698,City Market,BTP104 - Medical College Circle,605,40.1,3,4.184,56170.2,10.936159449015564,69.5,22,High
K.R. Pura_13.008000000000001_77.694,2307,4143.0,13.00826703786988,77.69466574604868,K.R. Pura,No Junction,444,19.2,2,6.401,53038.69,10.878795780197114,69.1,23,High
"BTP070 - Cholurpalya Junction, Magadi Road",2272,2539.5,12.973484256997908,77.550805919489,Magadi Road,"BTP070 - Cholurpalya Junction, Magadi Road",1195,52.6,3,6.304,48027.02,10.779539869574275,68.3,24,High
Hebbala_13.035_77.589,2462,3359.0,13.035318506048103,77.58906777259952,Hebbala,No Junction,1164,47.3,2,6.831,45890.66,10.734038680192905,68.0,25,High
BTP023 - Mahalaxmi Layout Entrance,1807,2921.5,13.008974449496067,77.54920543394422,Rajajinagar,BTP023 - Mahalaxmi Layout Entrance,1304,72.2,3,5.014,43945.2,10.690721437486769,67.7,26,High
BTP048 - Shanthala Junction,1593,3065.5,12.976960576691845,77.57075523407478,Chamarajpet,BTP048 - Shanthala Junction,751,47.1,3,4.42,40648.53,10.612742552793494,67.1,27,High
BTP042 - Minsk Square Junction (CTO),2044,2174.5,12.981175736986302,77.59845689202544,Shivajinagar,BTP042 - Minsk Square Junction (CTO),1036,50.7,3,5.672,37001.29,10.51873508160303,66.4,28,High
BTP108 - Tagore Park Junction,1801,2262.5,12.943901209259396,77.57143116315804,Basavanagudi,BTP108 - Tagore Park Junction,872,48.4,3,4.997,33917.14,10.431705253496691,65.7,29,High
Malleshwaram_13.008000000000001_77.571,1988,2791.5,13.007803398943661,77.57099774909456,Malleshwaram,No Junction,1356,68.2,2,5.516,30795.83,10.335167041586903,65.0,30,High
"BTP011 - RR Kalyana Mantapa, Dr. Rajkumar Road",1208,2851.5,12.993694996696341,77.55379199356938,Rajajinagar,"BTP011 - RR Kalyana Mantapa, Dr. Rajkumar Road",282,23.3,3,3.352,28674.68,10.263804655753015,64.4,31,High
K.R. Pura_13.008000000000001_77.697,1450,2959.5,13.008300845862069,77.69598429331035,K.R. Pura,No Junction,387,26.7,2,4.023,23812.14,10.077992808148306,63.0,32,High
Shivajinagar_12.984_77.61,1824,2261.0,12.983086872368421,77.61029757741228,Shivajinagar,No Junction,1216,66.7,2,5.061,22885.84,10.038317351865725,62.7,33,High
HAL Old Airport_12.939_77.697,1528,2707.0,12.939369627860287,77.69615244409674,HAL Old Airport,No Junction,1089,71.3,2,4.24,22955.36,10.041350301279884,62.7,34,High
"BTP182 - 19th Main Junction, Rajajinagar",1390,1884.5,12.99900715064247,77.5508516759733,Malleshwaram,"BTP182 - 19th Main Junction, Rajajinagar",1118,80.4,3,3.857,21805.55,9.989965662364096,62.3,35,High
Malleshwaram_12.999_77.571,1534,2340.5,12.99930529646146,77.57120882465078,Malleshwaram,No Junction,1167,76.1,2,4.256,19922.34,9.899647187766162,61.6,36,High
Malleshwaram_13.011000000000001_77.556,1301,2245.0,13.011248069177556,77.55459808754804,Malleshwaram,No Junction,1000,76.9,2,3.61,16208.9,9.69337744567923,60.1,37,High
HAL Old Airport_12.966000000000001_77.718,1147,2438.0,12.965354002092415,77.71802767183958,HAL Old Airport,No Junction,704,61.4,2,3.183,15520.31,9.649969197391616,59.7,38,High
Shivajinagar_12.981_77.613,1283,2099.5,12.981110997583787,77.61298804216679,Shivajinagar,No Junction,985,76.8,2,3.56,14948.44,9.612429119923277,59.4,39,High
BTP074 - Leprosy Hospital Junction,1047,1678.5,12.975846885138832,77.56179568138215,Magadi Road,BTP074 - Leprosy Hospital Junction,471,45.0,3,2.905,14628.13,9.590770025397006,59.3,40,High
Bellandur_12.927_77.679,965,2706.5,12.927309357661718,77.67944879398738,Bellandur,No Junction,328,34.0,2,2.678,14496.01,9.581697700248549,59.2,41,High
"BTP026 - 1st Block Junction, Rajajinagar",1086,1584.0,13.002439084069982,77.55009351215469,Malleshwaram,"BTP026 - 1st Block Junction, Rajajinagar",918,84.5,3,3.013,14317.78,9.569327241354564,59.1,42,High
Electronic City_12.843_77.646,1271,2035.5,12.841822802596381,77.64597194303697,Electronic City,No Junction,241,19.0,2,3.527,14358.42,9.572161451814374,59.1,43,High
BTP008 - Navarang Theatre,1190,1427.5,12.998492417815125,77.55309264941177,Malleshwaram,BTP008 - Navarang Theatre,872,73.3,3,3.302,14140.82,9.55689164403906,59.0,44,High
BTP063 - Siddalingaiah Circle,1060,1570.0,12.971526511981132,77.5967034683019,Cubbon Park,BTP063 - Siddalingaiah Circle,640,60.4,3,2.941,13852.11,9.536265035144652,58.9,45,High
BTP135 - UCO Bank Junction,1112,1493.5,12.935621750629496,77.61497794019785,Adugodi,BTP135 - UCO Bank Junction,508,45.7,3,3.085,13822.34,9.534113746848545,58.8,46,High
BTP096 - Gali Anjaneya Temple,972,1704.5,12.952594812896978,77.54121609195656,Byatarayanapura,BTP096 - Gali Anjaneya Temple,292,30.0,3,2.697,13791.11,9.53185196850972,58.8,47,High
HAL Old Airport_12.93_77.685,1075,2272.0,12.930342298829938,77.68536149900608,HAL Old Airport,No Junction,859,79.9,2,2.983,13554.75,9.514566090538592,58.7,48,High
BTP069 - MC Circle,1075,1484.0,12.974620575358045,77.54751794417268,Vijayanagara,BTP069 - MC Circle,564,52.5,3,2.983,13280.32,9.494113815681173,58.5,49,High
"BTP022 - Marenahalli Junction, Vijayanagar",1157,1358.5,12.968779866920466,77.53673460275871,Vijayanagara,"BTP022 - Marenahalli Junction, Vijayanagar",661,57.1,3,3.21,13082.36,9.479096472756929,58.4,50,High
BTP010 - Rajajinagar Entrance,957,1548.0,12.982261563097772,77.56008112329171,Magadi Road,BTP010 - Rajajinagar Entrance,499,52.1,3,2.655,12329.82,9.419857098407732,58.0,51,High
BTP205 - Modi Hospital Junction,1045,1407.5,12.997488303320912,77.54695407575124,Vijayanagara,BTP205 - Modi Hospital Junction,633,60.6,3,2.9,12245.25,9.412975046658852,57.9,52,High
BTP061 - Bhashyam Circle,1030,1390.0,12.985184338307276,77.55392274871211,Rajajinagar,BTP061 - Bhashyam Circle,630,61.2,3,2.858,11917.86,9.385877298461883,57.7,53,High
HAL Old Airport_12.951_77.7,1065,2001.0,12.950725152884306,77.69979961661241,HAL Old Airport,No Junction,172,16.2,2,2.955,11825.91,9.37813272251556,57.7,54,High
HAL Old Airport_12.936_77.691,1111,1813.5,12.935544101522014,77.69102513897305,HAL Old Airport,No Junction,319,28.7,2,3.083,11182.04,9.322153623879522,57.2,55,High
Malleshwaram_13.005_77.571,1119,1692.0,13.00563398945487,77.57095047238606,Malleshwaram,No Junction,796,71.1,2,3.105,10507.32,9.259922603329947,56.8,56,High
Chikkajala_13.191_77.646,939,1996.5,13.191237390181044,77.64621057289669,Chikkajala,No Junction,309,32.9,2,2.605,10401.76,9.249826434536581,56.7,57,High
Jeevanbheemanagar_12.972_77.658,1218,1548.5,12.971749822553775,77.65808480741383,Jeevanbheemanagar,No Junction,775,63.6,2,3.38,10467.86,9.25616041541496,56.7,58,High
HAL Old Airport_12.933_77.688,924,1831.5,12.932594292787334,77.68835349163632,HAL Old Airport,No Junction,726,78.6,2,2.564,9391.93,9.147712557608607,55.9,59,High
K.R. Pura_13.005_77.685,1067,1521.5,13.005537415820422,77.68550766244577,K.R. Pura,No Junction,517,48.5,2,2.961,9010.32,9.10623684375631,55.6,60,High
"BTP148 - 17th Main, Doopanahalli Bus Stop",745,1312.5,12.963663511161307,77.64223399413451,Jeevanbheemanagar,"BTP148 - 17th Main, Doopanahalli Bus Stop",380,51.0,3,2.067,8138.81,9.004522117200827,54.8,61,High
BTP054 - Shivananda Circle,751,1224.5,12.986267004491276,77.57886273319414,High ground,BTP054 - Shivananda Circle,494,65.8,3,2.084,7655.57,8.94331938177208,54.3,62,High
"BTP095 - Satellite Bus Stand, Mysore Road",775,1151.5,12.953825250666533,77.54339804607628,Byatarayanapura,"BTP095 - Satellite Bus Stand, Mysore Road",333,43.0,3,2.15,7427.17,8.913034808586582,54.1,63,High
BTP208 - Havanur Circle,812,1086.0,12.987954160845806,77.53755577344506,Vijayanagara,BTP208 - Havanur Circle,480,59.1,3,2.253,7340.27,8.901267131164706,54.0,64,High
BTP118 - Basappa Circle,653,1318.0,12.958166349617152,77.57756666983154,City Market,BTP118 - Basappa Circle,278,42.6,3,1.812,7164.65,8.87705405491938,53.8,65,High
"BTP170 - Dr. Bheem Rao Palace, Chord Road",573,1475.0,12.99037199306623,77.551225814101,Rajajinagar,"BTP170 - Dr. Bheem Rao Palace, Chord Road",199,34.7,3,1.59,7035.75,8.858901694832698,53.7,66,High
Mahadevapura_12.996_77.697,814,1531.5,12.995265365762219,77.69657976577588,Mahadevapura,No Junction,490,60.2,2,2.259,6919.32,8.842217290317118,53.6,67,High
"BTP204 - ESI Hospital, Rajajinagar",638,1271.5,12.990358886677116,77.55373500799372,Rajajinagar,"BTP204 - ESI Hospital, Rajajinagar",150,23.5,3,1.77,6751.66,8.817691780313854,53.4,68,High
HSR Layout_12.906_77.631,713,1678.0,12.906298675275014,77.63065182246986,HSR Layout,No Junction,134,18.8,2,1.978,6638.17,8.800742234657328,53.3,69,High
BTP028 - Vijayanagar Bus Stand Junction,754,1048.0,12.972568562228885,77.53806133053999,Vijayanagara,BTP028 - Vijayanagar Bus Stand Junction,432,57.3,3,2.092,6577.25,8.7915240314996,53.2,70,High
HAL Old Airport_12.957_77.7,989,1172.0,12.957449073292551,77.70094444129371,HAL Old Airport,No Junction,512,51.8,2,2.744,6431.94,8.769186944459374,53.0,71,High
HSR Layout_12.912_77.637,984,1117.5,12.911833828074545,77.63756746476953,HSR Layout,No Junction,377,38.3,2,2.73,6101.55,8.716461995596925,52.6,72,High
BTP137 - Madiwala Traffic PS Junction,596,1216.0,12.92332618796038,77.6198709011831,Madiwala,BTP137 - Madiwala Traffic PS Junction,195,32.7,3,1.654,6033.79,8.705296335908804,52.5,73,High
City Market_12.969_77.577,802,1336.0,12.969654106537124,77.57576470050965,City Market,No Junction,565,70.4,2,2.225,5945.2,8.690507639050217,52.4,74,High
BTP172 - Nanjappa Circle,776,905.0,12.961702129381443,77.59948909484535,Ashok Nagar,BTP172 - Nanjappa Circle,406,52.3,3,2.153,5845.4,8.673581366183688,52.3,75,High
HAL Old Airport_12.963000000000001_77.718,616,1709.5,12.963394990584415,77.7174810064935,HAL Old Airport,No Junction,307,49.8,2,1.709,5843.07,8.673182750896046,52.3,76,High
Kodigehalli_13.047_77.577,849,1220.5,13.04750941319199,77.57610847644288,Kodigehalli,No Junction,338,39.8,2,2.356,5751.0,8.657302899400882,52.2,77,High
"BTP206 - Shankara Mutt Circle, Vijayanagar",719,957.5,12.998620176634214,77.54142142920723,Vijayanagara,"BTP206 - Shankara Mutt Circle, Vijayanagar",467,65.0,3,1.995,5730.64,8.653756981672167,52.1,78,High
"BTP024 - NPS, Vijayanagar",632,1068.0,12.98291347845193,77.54882366500652,Magadi Road,"BTP024 - NPS, Vijayanagar",291,46.0,3,1.754,5619.82,8.634232839717587,52.0,79,High
BTP071 - Prasanna Junction,721,935.0,12.974369503954971,77.55203424621543,Magadi Road,BTP071 - Prasanna Junction,360,49.9,3,2.001,5612.8,8.632983131064577,52.0,80,Medium
Malleshwaram_12.996_77.571,818,1223.5,12.995776135330074,77.57135541259169,Malleshwaram,No Junction,711,86.9,2,2.27,5554.69,8.622577906781249,51.9,81,Medium
Pulikeshinagar(F.Town)_12.996_77.613,924,1063.5,12.99590124448052,77.61364023246753,Pulikeshinagar(F.Town),No Junction,110,11.9,2,2.564,5453.63,8.604220068285743,51.8,82,Medium
BTP192 - Urvashi Theater,625,988.5,12.95650754928,77.58603276544001,Wilson Garden,BTP192 - Urvashi Theater,327,52.3,3,1.734,5142.18,8.545426844190269,51.3,83,Medium
HSR Layout_12.912_77.634,903,980.0,12.912514352504282,77.63443805920384,HSR Layout,No Junction,200,22.1,2,2.506,4911.76,8.499591180985625,51.0,84,Medium
Bellandur_12.927_77.676,616,1417.5,12.92607192299207,77.6765587843881,Bellandur,No Junction,273,44.3,2,1.709,4845.02,8.4859130284831,50.9,85,Medium
Halasur_12.972_77.616,620,1411.0,12.97305414483871,77.61583261709677,Halasur,No Junction,204,32.9,2,1.72,4853.84,8.487731424466617,50.9,86,Medium
Malleshwaram_13.005_77.568,807,1044.0,13.005448650805452,77.56886304027262,Malleshwaram,No Junction,461,57.1,2,2.239,4675.03,8.450204738311326,50.6,87,Medium
Malleshwaram_12.999_77.568,710,1145.5,12.999050791690141,77.56926996929577,Malleshwaram,No Junction,533,75.1,2,1.97,4513.27,8.414998769500974,50.3,88,Medium
Magadi Road_12.975_77.559,859,946.0,12.975736943640971,77.55888079887859,Magadi Road,No Junction,367,42.7,2,2.383,4508.64,8.41397260669432,50.3,89,Medium
Jeevanbheemanagar_12.96_77.646,514,1557.0,12.959441966758362,77.64565152309015,Jeevanbheemanagar,No Junction,222,43.2,2,1.426,4440.56,8.39876094506819,50.2,90,Medium
Mahadevapura_12.996_77.67,622,1269.0,12.99637835567649,77.66898385854671,Mahadevapura,No Junction,305,49.0,2,1.726,4380.59,8.385166951195592,50.1,91,Medium
Mahadevapura_12.999_77.676,654,1169.0,13.000088897195157,77.67689863293262,Mahadevapura,No Junction,334,51.1,2,1.815,4243.47,8.35337223818273,49.8,92,Medium
BTP130 - GD Mara Junction,631,737.5,12.908069876703646,77.60081684453249,Mico Layout,BTP130 - GD Mara Junction,443,70.2,3,1.751,3874.09,8.262324167324184,49.1,93,Medium
"BTP189 - New Diagonal Road, Jayanagar",602,748.0,12.928112280564784,77.58069761295681,Jayanagara,"BTP189 - New Diagonal Road, Jayanagar",376,62.5,3,1.67,3747.48,8.229105703461363,48.9,94,Medium
Kodigehalli_13.035_77.589,700,954.5,13.035318577070452,77.58890513841342,Kodigehalli,No Junction,277,39.6,2,1.942,3707.28,8.218323436240437,48.8,95,Medium
Jeevanbheemanagar_12.96_77.649,564,1162.5,12.959730283137063,77.64902301973027,Jeevanbheemanagar,No Junction,350,62.1,2,1.565,3638.62,8.19963455957679,48.7,96,Medium
"BTP123 - 10th Cross, Wilson Garden",535,796.0,12.94600243397952,77.59607296917757,Wilson Garden,"BTP123 - 10th Cross, Wilson Garden",254,47.5,3,1.484,3543.79,8.173234198847673,48.5,97,Medium
Halasur_12.972_77.619,637,967.0,12.971989178408785,77.61874076640774,Halasur,No Junction,239,37.5,2,1.767,3417.38,8.136922033622318,48.2,98,Medium
Jeevanbheemanagar_12.969_77.64,693,872.5,12.969679606304192,77.64082111443687,Jeevanbheemanagar,No Junction,511,73.7,2,1.923,3355.64,8.118695752623667,48.1,99,Medium
Mahadevapura_12.996_77.667,584,1003.0,12.99586813570965,77.66797421889004,Mahadevapura,No Junction,297,50.9,2,1.62,3249.72,8.086631789249301,47.8,100,Medium
Banaswadi_12.999_77.676,531,1057.5,13.000272108379454,77.67636191968188,Banaswadi,No Junction,230,43.3,2,1.473,3115.4,8.044433768456702,47.5,101,Medium
Rajajinagar_13.008000000000001_77.526,371,1439.0,13.00798516657682,77.52672995795149,Rajajinagar,No Junction,133,35.8,2,1.029,2961.46,7.9937752832425275,47.1,102,Medium
Mahadevapura_12.996_77.694,538,996.0,12.996005493668468,77.69430346889754,Mahadevapura,No Junction,294,54.6,2,1.493,2974.06,7.998019485843584,47.1,103,Medium
Malleshwaram_13.014000000000001_77.553,538,994.0,13.012885889591079,77.55407434553904,Malleshwaram,No Junction,281,52.2,2,1.493,2968.08,7.996007419500107,47.1,104,Medium
"BTP210 - 50th cross, 12th Main , Rajajinagar",455,770.0,12.986979151428573,77.55512463802198,Rajajinagar,"BTP210 - 50th cross, 12th Main , Rajajinagar",158,34.7,3,1.262,2915.22,7.978043536098843,47.0,105,Medium
"BTP226 - 33rd Cross, 11th Main, Jayanagar",492,697.5,12.925926613617886,77.58563274735774,Jayanagara,"BTP226 - 33rd Cross, 11th Main, Jayanagar",331,67.3,3,1.365,2856.26,7.957618402640338,46.8,106,Medium
"BTP186 - 9th Cross, 4th Main, Jayanagar",546,623.5,12.939329417176364,77.58299607614546,Wilson Garden,"BTP186 - 9th Cross, 4th Main, Jayanagar",216,39.6,3,1.515,2833.81,7.949730194515599,46.8,107,Medium
BTP068 - Veeresh Theatre Junction,504,667.5,12.977227481944444,77.54562137718254,Vijayanagara,BTP068 - Veeresh Theatre Junction,238,47.2,3,1.398,2799.5,7.937553251649887,46.7,108,Medium
Sheshadripuram_12.99_77.574,575,868.5,12.989926788347827,77.57378808017391,Sheshadripuram,No Junction,401,69.7,2,1.595,2770.52,7.92715118514268,46.6,109,Medium
BTP167 - JC Road Junction,372,857.0,12.9582712466602,77.58126169958715,City Market,BTP167 - JC Road Junction,221,59.4,3,1.032,2653.27,7.883924942950535,46.3,110,Medium
BTP215 - Vanivillas Junction,434,726.5,12.946120153483719,77.57023379090926,Basavanagudi,BTP215 - Vanivillas Junction,235,54.1,3,1.204,2624.12,7.872881888266572,46.2,111,Medium
HAL Old Airport_12.939_77.694,505,926.0,12.939594974793605,77.695106770237,HAL Old Airport,No Junction,290,57.4,2,1.401,2594.65,7.861592245930255,46.1,112,Medium
"BTP062 - Basava Mantapa, Dr. Rajkumar Road",425,732.5,12.979911838377566,77.5546504141,Magadi Road,"BTP062 - Basava Mantapa, Dr. Rajkumar Road",194,45.6,3,1.179,2590.85,7.86012718542724,46.1,113,Medium
Adugodi_12.933_77.631,600,759.0,12.932585474000001,77.63153823066666,Adugodi,No Junction,161,26.8,2,1.665,2527.47,7.8353696557077095,45.9,114,Medium
HAL Old Airport_12.972_77.712,476,951.0,12.97142807649139,77.71203132521423,HAL Old Airport,No Junction,143,30.0,2,1.321,2512.54,7.829447397070057,45.8,115,Medium
Kodigehalli_13.071_77.586,626,716.0,13.070512046166135,77.5870925741214,Kodigehalli,No Junction,359,57.3,2,1.737,2487.38,7.8193871753155255,45.8,116,Medium
HAL Old Airport_12.957_77.703,502,894.0,12.956875123395186,77.70284854391052,HAL Old Airport,No Junction,178,35.5,2,1.393,2490.68,7.820712460747028,45.8,117,Medium
Rajajinagar_13.017_77.532,412,1081.5,13.017341607038835,77.53149491868932,Rajajinagar,No Junction,144,35.0,2,1.143,2472.31,7.813312613486552,45.7,118,Medium
BTP076 - Hudson Circle,455,652.5,12.968029834285714,77.58880913494505,Halasuru Gate,BTP076 - Hudson Circle,236,51.9,3,1.262,2470.37,7.812527931727756,45.7,119,Medium
Bellandur_12.9_77.676,548,801.0,12.899663078102922,77.67545482303808,Bellandur,No Junction,245,44.7,2,1.521,2436.64,7.79878563712006,45.6,120,Medium
Malleshwaram_13.014000000000001_77.556,473,921.5,13.013661873934675,77.55485756151285,Malleshwaram,No Junction,241,51.0,2,1.312,2418.02,7.7911177784551375,45.6,121,Medium
Pulikeshinagar(F.Town)_12.999_77.61,574,756.0,12.999782225261324,77.61090943048781,Pulikeshinagar(F.Town),No Junction,125,21.8,2,1.593,2408.62,7.787224337703931,45.5,122,Medium
K.G. Halli_13.035_77.625,332,1305.0,13.034832176204821,77.62463741325301,K.G. Halli,No Junction,34,10.2,2,0.921,2403.81,7.78522617734003,45.5,123,Medium
Chikkajala_13.188_77.679,456,924.0,13.187083659429826,77.68026727872807,Chikkajala,No Junction,125,27.4,2,1.265,2337.72,7.757359050140982,45.3,124,Medium
BTP018 - Dhobi Ghat Junction,382,691.5,12.98761222696335,77.54981949005236,Vijayanagara,BTP018 - Dhobi Ghat Junction,177,46.3,3,1.06,2198.97,7.696199002889795,44.8,125,Medium
Electronic City_12.843_77.643,427,926.5,12.842410343243115,77.64419014990504,Electronic City,No Junction,88,20.6,2,1.185,2195.81,7.694761587079093,44.8,126,Medium
Yeshwanthpura_13.029_77.538,385,1009.0,13.029878104675324,77.53778828727272,Yeshwanthpura,No Junction,186,48.3,2,1.068,2155.22,7.676111967639404,44.7,127,Medium
Malleshwaram_13.008000000000001_77.556,593,651.5,13.008798195784149,77.55563216475548,Malleshwaram,No Junction,313,52.8,2,1.645,2143.44,7.67063372501575,44.6,128,Medium
BTP140 - Madiwala Check Post,368,686.5,12.932305598913045,77.6132812736413,Adugodi,BTP140 - Madiwala Check Post,118,32.1,3,1.021,2102.75,7.651476745505016,44.5,129,Medium
Malleshwaram_13.002_77.571,493,743.0,13.0014494,77.57116088458417,Malleshwaram,No Junction,347,70.4,2,1.368,2032.85,7.617685827576428,44.2,130,Medium
BTP067 - Jai Muni Rao Circle,409,580.0,12.978517780813087,77.54273679499191,Magadi Road,BTP067 - Jai Muni Rao Circle,230,56.2,3,1.135,1974.9,7.588779269739772,44.0,131,Medium
BTP136 - Hosur-Tavarkere Road Junction,360,652.0,12.93432707138889,77.60844668972223,Mico Layout,BTP136 - Hosur-Tavarkere Road Junction,123,34.2,3,0.999,1954.04,7.578165932568212,43.9,132,Medium
HAL Old Airport_12.96_77.715,368,924.5,12.959466038586957,77.71599306929348,HAL Old Airport,No Junction,228,62.0,2,1.021,1887.83,7.5437128687455495,43.7,133,Medium
BTP126 - Dairy Circle,334,657.0,12.936743940419163,77.60242927844311,Mico Layout,BTP126 - Dairy Circle,194,58.1,3,0.927,1827.12,7.511043395373746,43.4,134,Medium
"BTP101 - Blood Bank Circle, KH Road",410,532.0,12.961947537560976,77.59617864317073,Ashok Nagar,"BTP101 - Blood Bank Circle, KH Road",41,10.0,3,1.138,1816.25,7.505079648364744,43.4,135,Medium
Jnanabharathi_12.96_77.511,450,729.0,12.960970099333334,77.51163546155556,Jnanabharathi,No Junction,133,29.6,2,1.249,1821.04,7.507712031475737,43.4,136,Medium
Mahadevapura_12.999_77.679,398,819.5,13.000383611502542,77.67777063629657,Mahadevapura,No Junction,135,33.9,2,1.104,1809.46,7.501336235617254,43.3,137,Medium
Sadashivanagar_13.029_77.574,449,688.0,13.027916946325167,77.57377803630288,Sadashivanagar,No Junction,187,41.6,2,1.246,1714.5,7.447459862298504,42.9,138,Medium
Shivajinagar_12.981_77.61,421,729.5,12.982296649643706,77.61063426508314,Shivajinagar,No Junction,248,58.9,2,1.168,1704.11,7.441384903765574,42.9,139,Medium
BTP017 - Attiguppe Circle,422,481.5,12.960583327014218,77.52963757037915,Byatarayanapura,BTP017 - Attiguppe Circle,112,26.5,3,1.171,1691.51,7.433967913188473,42.8,140,Medium
Banaswadi_12.993_77.664,496,595.0,12.993866059100766,77.6632794503745,Banaswadi,No Junction,128,25.8,2,1.376,1637.44,7.40149984860967,42.6,141,Medium
"BTP099 - Cash Pharmacy, Residency Road",349,547.0,12.969120946131804,77.60030236275072,Ashok Nagar,"BTP099 - Cash Pharmacy, Residency Road",216,61.9,3,0.968,1588.49,7.371168489044499,42.4,142,Medium
Pulikeshinagar(F.Town)_12.996_77.61,432,666.5,12.995720052083334,77.61042731134259,Pulikeshinagar(F.Town),No Junction,32,7.4,2,1.199,1598.27,7.377302554114173,42.4,143,Medium
Shivajinagar_12.99_77.601,343,805.0,12.990250341690963,77.60087011516035,Shivajinagar,No Junction,53,15.5,2,0.952,1532.72,7.335451435931623,42.1,144,Medium
BTP091 - Sirsi Circle,263,696.5,12.962208439163499,77.55862826692015,Magadi Road,BTP091 - Sirsi Circle,75,28.5,3,0.73,1525.34,7.3306279917453345,42.0,145,Medium
"BTP163 - 16th Main Road, BTM Layout",364,495.5,12.91499527445055,77.60852014148351,Mico Layout,"BTP163 - 16th Main Road, BTM Layout",153,42.0,3,1.01,1501.36,7.314792484031414,41.9,146,Medium
Sheshadripuram_12.996_77.562,477,563.0,12.996300149266247,77.56312364800839,Sheshadripuram,No Junction,357,74.8,2,1.324,1490.82,7.307752130054067,41.9,147,Medium
K.R. Pura_13.011000000000001_77.697,389,697.5,13.010299459820052,77.69749233434447,K.R. Pura,No Junction,177,45.5,2,1.079,1505.2,7.317345201667251,41.9,148,Medium
Yelahanka_13.098_77.598,347,768.5,13.097817561757692,77.59877154903883,Yelahanka,No Junction,56,16.1,2,0.963,1480.13,7.300560588943511,41.8,149,Medium
Halasur_12.975_77.616,338,785.0,12.974072823372781,77.61501808461539,Halasur,No Junction,121,35.8,2,0.938,1472.66,7.2955043812845215,41.8,150,Medium
Jeevanbheemanagar_12.969_77.646,415,640.5,12.970312018892825,77.64616206417854,Jeevanbheemanagar,No Junction,224,54.0,2,1.152,1475.71,7.297571919312965,41.8,151,Medium
Mahadevapura_12.978_77.694,327,808.5,12.979077000774444,77.69500497905746,Mahadevapura,No Junction,119,36.4,2,0.907,1466.62,7.2913973200797395,41.7,152,Medium
"BTP115 - Sahasra Hospital, Jayanagar",362,486.0,12.91728404702033,77.5738125694776,Jayanagara,"BTP115 - Sahasra Hospital, Jayanagar",135,37.3,3,1.004,1463.83,7.289494473762264,41.7,153,Medium
BTP219 - Canara Bank Junction,358,487.0,12.931167219553071,77.58453701256984,Jayanagara,BTP219 - Canara Bank Junction,260,72.6,3,0.993,1450.77,7.280538780633931,41.7,154,Medium
Whitefield_12.951_77.718,385,685.5,12.951412021556402,77.7174896806303,Whitefield,No Junction,224,58.2,2,1.068,1464.23,7.289767505715524,41.7,155,Medium
"BTP117 - 9th Cross, Kanakapura Road",307,565.5,12.91214845732899,77.57334888045604,J.P. Nagar,"BTP117 - 9th Cross, Kanakapura Road",22,7.2,3,0.852,1445.42,7.276846816975942,41.6,156,Medium
Ashok Nagar_12.969_77.607,487,532.5,12.96988353150186,77.60668093370246,Ashok Nagar,No Junction,138,28.3,2,1.351,1438.82,7.272273384756895,41.6,157,Medium
BTP041 - Gopal Gowda Circle,378,454.0,12.977295857671956,77.59026518835978,Cubbon Park,BTP041 - Gopal Gowda Circle,145,38.4,3,1.049,1428.74,7.2652478885412055,41.5,158,Medium
Byatarayanapura_12.96_77.529,498,517.0,12.960917440443408,77.52791874465612,Byatarayanapura,No Junction,165,33.1,2,1.382,1428.99,7.265422730222509,41.5,159,Medium
Electronic City_12.870000000000001_77.655,391,636.0,12.870508908340383,77.65456141555121,Electronic City,No Junction,134,34.3,2,1.085,1380.12,7.2306500431896605,41.3,160,Medium
Sheshadripuram_12.987_77.574,383,651.5,12.986826308355091,77.57439693394255,Sheshadripuram,No Junction,119,31.1,2,1.063,1385.09,7.2342421127065935,41.3,161,Medium
Banaswadi_12.996_77.67,363,683.5,12.99670179060902,77.66909633578214,Banaswadi,No Junction,164,45.2,2,1.007,1376.57,7.22807635643286,41.3,162,Medium
Malleshwaram_12.993_77.571,402,580.0,12.993636159950249,77.57137111467662,Malleshwaram,No Junction,340,84.6,2,1.115,1293.4,7.165802546304227,40.8,163,Medium
Banaswadi_13.002_77.676,355,660.5,13.000758359884117,77.67683561341092,Banaswadi,No Junction,199,56.1,2,0.985,1301.18,7.17179506206095,40.8,164,Medium
HAL Old Airport_12.936_77.694,320,697.5,12.936484408186615,77.6928425278624,HAL Old Airport,No Junction,72,22.5,2,0.888,1238.76,7.122673091479079,40.5,165,Medium
Ashok Nagar_12.972_77.607,376,585.0,12.971943618610853,77.6070469800266,Ashok Nagar,No Junction,120,31.9,2,1.043,1220.31,7.107679332139918,40.3,166,Medium
Banaswadi_12.993_77.661,391,548.5,12.993244931969311,77.66169416342711,Banaswadi,No Junction,180,46.0,2,1.085,1190.24,7.082750060389631,40.2,167,Medium
BTP218 - Syndicate Bank Junction,351,407.5,12.934673374928776,77.58443592279203,Jayanagara,BTP218 - Syndicate Bank Junction,219,62.4,3,0.974,1190.71,7.083144529435221,40.2,168,Medium
Yelahanka_13.098_77.601,377,573.0,13.097026283289125,77.59966572519893,Yelahanka,No Junction,5,1.3,2,1.046,1198.72,7.089843475216301,40.2,169,Medium
Banaswadi_12.996_77.667,345,623.0,12.996101446281337,77.6680111885871,Banaswadi,No Junction,161,46.7,2,0.957,1192.42,7.084578413787842,40.2,170,Medium
Hulimavu_12.894_77.637,340,630.5,12.89318690617647,77.63706182735294,Hulimavu,No Junction,52,15.3,2,0.943,1189.12,7.081809421357664,40.1,171,Medium
Bellandur_12.927_77.682,258,812.0,12.927694568180824,77.6807470613082,Bellandur,No Junction,103,39.9,2,0.716,1162.78,7.059428606991557,40.0,172,Medium
BTP180 - Swagath Poornima Theatre,261,540.0,12.96046395210728,77.58731793409962,Halasuru Gate,BTP180 - Swagath Poornima Theatre,107,41.0,3,0.724,1172.88,7.068069780513002,40.0,173,Medium
BTP109 - Dewan Madhava Rao Junction,309,446.0,12.940864320388348,77.57243474530745,Basavanagudi,BTP109 - Dewan Madhava Rao Junction,163,52.8,3,0.857,1146.67,7.045489079109995,39.9,174,Medium
Byatarayanapura_12.936_77.517,362,572.5,12.935952333425414,77.5178104621547,Byatarayanapura,No Junction,183,50.6,2,1.004,1149.58,7.0480214420427645,39.9,175,Medium
Halasur_12.975_77.622,320,643.0,12.974041499405635,77.62278064723753,Halasur,No Junction,103,32.2,2,0.888,1141.97,7.0413854167312,39.8,176,Medium
BTP155 - Katriguppe Junction,339,394.0,12.9266994100295,77.55074285663717,Banashankari,BTP155 - Katriguppe Junction,184,54.3,3,0.941,1112.26,7.015047926869754,39.6,177,Medium
BTP078 - NR Square Junction,244,548.0,12.965873413934425,77.5854067954918,Halasuru Gate,BTP078 - NR Square Junction,166,68.0,3,0.677,1112.99,7.015703443786257,39.6,178,Medium
Jeevanbheemanagar_12.972_77.646,341,575.5,12.971205942647325,77.64703322864115,Jeevanbheemanagar,No Junction,214,62.8,2,0.946,1088.85,6.993795351074522,39.5,179,Medium
HAL Old Airport_12.945_77.697,279,682.0,12.944565723378982,77.69789216822284,HAL Old Airport,No Junction,160,57.3,2,0.774,1055.74,6.962943976426019,39.2,180,Medium
BTP220 - Puttanna Junction,294,419.5,12.928844605442176,77.58282851292518,Jayanagara,BTP220 - Puttanna Junction,179,60.9,3,0.816,1026.94,6.935312078553008,39.0,181,Medium
Halasur_12.975_77.619,306,605.0,12.974907048067637,77.61998859291118,Halasur,No Junction,163,53.3,2,0.849,1027.29,6.935652507399373,39.0,182,Medium
Shivajinagar_12.984_77.613,341,532.5,12.982657755131964,77.61212472346041,Shivajinagar,No Junction,218,63.9,2,0.946,1007.49,6.916209441628695,38.9,183,Medium
HAL Old Airport_12.957_77.715,274,657.5,12.957106783964868,77.71519636017264,HAL Old Airport,No Junction,139,50.7,2,0.76,999.4,6.908155199003464,38.8,184,Medium
HSR Layout_12.912_77.625,272,657.5,12.912546255526813,77.62577419278661,HSR Layout,No Junction,83,30.5,2,0.755,992.82,6.901556103739316,38.8,185,Medium
BTP098 - Nayandahalli Junction,206,577.5,12.944823567475726,77.52768460776699,Byatarayanapura,BTP098 - Nayandahalli Junction,73,35.4,3,0.572,990.99,6.899713026588901,38.8,186,Medium
Electronic City_12.84_77.676,361,489.0,12.840656086155514,77.67674396905358,Electronic City,No Junction,179,49.6,2,1.002,979.96,6.888531684014378,38.7,187,Medium
BTP120 - Lalbagh Main Gate Junction,244,472.0,12.954084420901639,77.58441278032787,City Market,BTP120 - Lalbagh Main Gate Junction,140,57.4,3,0.677,958.63,6.8665477935031225,38.5,188,Medium
Basavanagudi_12.942_77.568,342,497.5,12.94196231609986,77.56721835363201,Basavanagudi,No Junction,132,38.6,2,0.949,944.26,6.851460021926932,38.4,189,Medium
"BTP197 - 9th Cross, 24th Main, JP Nagar",284,394.5,12.911549545221384,77.58599000264428,J.P. Nagar,"BTP197 - 9th Cross, 24th Main, JP Nagar",135,47.5,3,0.788,932.6,6.839048080972346,38.3,190,Medium
Halasur_12.975_77.613,259,624.5,12.973787315057914,77.61410847528957,Halasur,No Junction,102,39.4,2,0.719,898.03,6.801316404326409,38.0,191,Medium
Byatarayanapura_12.957_77.52,338,475.5,12.957359905325443,77.51891298461538,Byatarayanapura,No Junction,111,32.8,2,0.938,892.04,6.794631372706477,38.0,192,Medium
Yeshwanthpura_13.032_77.535,310,524.5,13.03105143736395,77.53571759497885,Yeshwanthpura,No Junction,148,47.7,2,0.86,902.14,6.805877580159409,38.0,193,Medium
BTP037 - KR Circle,239,448.5,12.976534570711298,77.58653865523013,Cubbon Park,BTP037 - KR Circle,146,61.1,3,0.663,892.07,6.79466496526237,38.0,194,Medium
BTP225 - Geetha Junction,287,361.5,12.928338116027875,77.58587362578398,Jayanagara,BTP225 - Geetha Junction,213,74.2,3,0.796,863.26,6.761873649460856,37.7,195,Medium
BTP100 - Richmond Circle,304,341.0,12.962800310526315,77.59827016480263,Ashok Nagar,BTP100 - Richmond Circle,122,40.1,3,0.844,863.41,6.762047193283999,37.7,196,Medium
BTP214 - 5th Main Chamrajpet  Junction,252,394.5,12.96500902960007,77.55255323659712,Chamarajpet,BTP214 - 5th Main Chamrajpet  Junction,125,49.6,3,0.699,827.27,6.719339188186985,37.4,197,Medium
Kodigehalli_13.059000000000001_77.592,300,494.5,13.05840835166888,77.5922862487354,Kodigehalli,No Junction,92,30.7,2,0.832,822.85,6.713988474503441,37.3,198,Medium
Jeevanbheemanagar_12.978_77.64,332,446.5,12.978207287536696,77.6397217722356,Jeevanbheemanagar,No Junction,218,65.7,2,0.921,822.45,6.713502831320217,37.3,199,Medium
Shivajinagar_12.99_77.598,303,481.5,12.989146370627063,77.59912067227722,Shivajinagar,No Junction,132,43.6,2,0.841,809.88,6.698120077692719,37.2,200,Medium
BTP009 - Prakash Nagar Junction,262,362.5,12.992517874427481,77.55763266068702,Rajajinagar,BTP009 - Prakash Nagar Junction,68,26.0,3,0.727,790.61,6.674068846291369,37.0,201,Medium
"BTP188 - 27th Cross, 4th Main, Jayanagar",294,318.5,12.929681475170067,77.5805690537415,Jayanagara,"BTP188 - 27th Cross, 4th Main, Jayanagar",236,80.3,3,0.816,779.69,6.660178144026661,36.9,202,Medium
Mico Layout_12.93_77.607,353,391.0,12.930878679886685,77.60657333172804,Mico Layout,No Junction,79,22.4,2,0.979,765.58,6.641939063380975,36.8,203,Medium
Kodigehalli_13.071_77.592,293,469.5,13.071369249131678,77.59212847638226,Kodigehalli,No Junction,147,50.2,2,0.813,763.41,6.639104294436486,36.8,204,Medium
HAL Old Airport_12.939_77.7,284,477.0,12.937873136876227,77.69991635581906,HAL Old Airport,No Junction,206,72.5,2,0.788,751.75,6.623733167361843,36.7,205,Medium
BTP075 - Police Corner,188,461.0,12.968845718276503,77.58628269328581,Halasuru Gate,BTP075 - Police Corner,141,75.0,3,0.522,721.93,6.583312398661009,36.3,206,Medium
Pulikeshinagar(F.Town)_12.996_77.616,265,472.0,12.995493770566037,77.61585622792452,Pulikeshinagar(F.Town),No Junction,145,54.7,2,0.735,693.84,6.543681603233723,36.0,207,Medium
Kodigehalli_13.062_77.592,267,466.0,13.06300323258427,77.59202442397003,Kodigehalli,No Junction,55,20.6,2,0.741,690.61,6.539022212929588,36.0,208,Medium
Rajajinagar_13.02_77.532,215,573.5,13.019360329302325,77.53185881860465,Rajajinagar,No Junction,103,47.9,2,0.597,684.76,6.530527712285212,35.9,209,Medium
HAL Old Airport_12.942_77.697,247,492.5,12.942416623821035,77.69712984847725,HAL Old Airport,No Junction,162,65.6,2,0.685,674.72,6.515778789054528,35.8,210,Medium
Malleshwaram_13.008000000000001_77.553,266,448.5,13.009201473684211,77.5543465056391,Malleshwaram,No Junction,154,57.9,2,0.738,661.99,6.496759907115854,35.7,211,Medium
Yeshwanthpura_13.029_77.541,276,426.0,13.02832811398756,77.5412175658901,Yeshwanthpura,No Junction,149,54.0,2,0.766,652.63,6.48254144212524,35.6,212,Medium
Kodigehalli_13.05_77.592,255,455.5,13.05034058392157,77.59288525960784,Kodigehalli,No Junction,58,22.7,2,0.708,644.99,6.470784023786626,35.5,213,Medium
Chikkajala_13.188_77.682,274,425.5,13.186875103284672,77.68078652335767,Chikkajala,No Junction,58,21.2,2,0.76,646.76,6.473520257377859,35.5,214,Medium
K.R. Pura_13.047_77.751,209,546.0,13.04591809138756,77.75037466889952,K.R. Pura,No Junction,78,37.3,2,0.58,633.36,6.4526166166304,35.4,215,Medium
Devanahalli Airport_13.191_77.682,273,421.5,13.190594844322344,77.68069833040293,Devanahalli Airport,No Junction,108,39.6,2,0.757,638.15,6.460139168614031,35.4,216,Medium
Hulimavu_12.876_77.595,305,366.5,12.876236350163936,77.59548326,Hulimavu,No Junction,115,37.7,2,0.846,620.12,6.431524299980645,35.2,217,Medium
BTP085 - Briyand Circle,166,447.5,12.966068878313253,77.56948985903615,Chamarajpet,BTP085 - Briyand Circle,81,48.8,3,0.461,618.89,6.4295420429436225,35.2,218,Medium
R.T. Nagar_13.023_77.586,230,451.0,13.023482263478261,77.58493061565217,R.T. Nagar,No Junction,155,67.4,2,0.638,575.48,6.356940646999783,34.6,219,Medium
Vijayanagara_12.963000000000001_77.541,288,359.0,12.964323654513889,77.54084564861111,Vijayanagara,No Junction,120,41.7,2,0.799,573.68,6.3538133641425185,34.6,220,Medium
Hulimavu_12.876_77.649,213,468.0,12.875714428638497,77.64808992957747,Hulimavu,No Junction,33,15.5,2,0.591,553.18,6.317489543722835,34.3,221,Medium
Halasur_12.975_77.625,231,422.0,12.974593171933538,77.6246609602175,Halasur,No Junction,125,54.1,2,0.641,541.0,6.295266001439646,34.2,222,Medium
High ground_12.99_77.598,249,395.5,12.989207303614458,77.59886667991968,High ground,No Junction,140,56.2,2,0.691,546.58,6.305508569737817,34.2,223,Medium
BTP034 - LRDE Junction,217,299.5,12.988339276825316,77.5917559860704,High ground,BTP034 - LRDE Junction,171,78.8,3,0.602,540.9,6.295081482572068,34.1,224,Medium
Bellandur_12.921000000000001_77.664,239,398.5,12.920968028571624,77.66528970839194,Bellandur,No Junction,143,59.8,2,0.663,528.41,6.271763178923251,34.0,225,Medium
BTP052 - CID Carlton House Junction,198,322.5,12.980863155860892,77.58762164743166,Cubbon Park,BTP052 - CID Carlton House Junction,124,62.6,3,0.549,531.16,6.276944196004563,34.0,226,Medium
Devanahalli Airport_13.188_77.679,233,402.5,13.188332045064376,77.68036555021459,Devanahalli Airport,No Junction,61,26.2,2,0.647,520.84,6.257361027487841,33.9,227,Medium
HAL Old Airport_12.948_77.7,249,379.5,12.948115928274744,77.69923699101544,HAL Old Airport,No Junction,199,79.9,2,0.691,524.47,6.264293100200241,33.9,228,Medium
Hulimavu_12.885_77.643,204,456.5,12.884763445646573,77.64206126773715,Hulimavu,No Junction,12,5.9,2,0.566,516.76,6.249511814430072,33.8,229,Medium
BTP119 - Minerva Circle,199,306.5,12.955163112562813,77.58039649145728,City Market,BTP119 - Minerva Circle,122,61.3,3,0.552,507.56,6.231583202628153,33.7,230,Medium
Hulimavu_12.888_77.64,179,503.0,12.887556301886328,77.6404973796073,Hulimavu,No Junction,31,17.3,2,0.497,499.98,6.216566180128353,33.6,231,Medium
BTP207 - 8th Main Road Basaveshwara Nagar,213,281.0,12.991897484976526,77.53847353051643,Vijayanagara,BTP207 - 8th Main Road Basaveshwara Nagar,86,40.4,3,0.591,498.21,6.213026848905861,33.5,232,Medium
Kodigehalli_13.026_77.58,213,407.0,13.026976123622452,77.57944823862893,Kodigehalli,No Junction,92,43.2,2,0.591,481.07,6.178089331721772,33.3,233,Medium
BTP184 - Lalbagh West Gate,215,269.5,12.94843504744186,77.58018114418606,Basavanagudi,BTP184 - Lalbagh West Gate,122,56.7,3,0.597,482.67,6.181402855991089,33.3,234,Medium
HSR Layout_12.906_77.628,196,447.5,12.906855646428571,77.62924175714286,HSR Layout,No Junction,57,29.1,2,0.544,486.88,6.190069473975037,33.3,235,Medium
"BTP176 - Rajalakshmi Kalyana Mantapa, JP Nagar",196,291.0,12.917309109693877,77.57831904234695,Jayanagara,"BTP176 - Rajalakshmi Kalyana Mantapa, JP Nagar",113,57.7,3,0.544,474.91,6.165228760724117,33.2,236,Medium
BTP079 - Town Hall Junction,162,344.5,12.964742432716049,77.58478980123456,Halasuru Gate,BTP079 - Town Hall Junction,97,59.9,3,0.45,465.08,6.144357293211124,33.0,237,Medium
BTP047 - Vidhan Soudha Metro Station,200,279.0,12.979835985,77.59251278949999,Cubbon Park,BTP047 - Vidhan Soudha Metro Station,127,63.5,3,0.555,464.54,6.143198022133913,33.0,238,Medium
Thalagattapura_12.888_77.562,265,313.0,12.888332545957228,77.56256900807693,Thalagattapura,No Junction,132,49.8,2,0.735,460.11,6.133636626247068,32.9,239,Medium
Chikkajala_13.182_77.679,186,432.5,13.183412538817205,77.67972912069894,Chikkajala,No Junction,67,36.0,2,0.516,446.34,6.103318931882124,32.7,240,Medium
Kamakshipalya_12.99_77.502,254,312.5,12.98957251087716,77.50146448566929,Kamakshipalya,No Junction,159,62.6,2,0.705,440.62,6.090449783792404,32.6,241,Medium
Kodigehalli_13.065_77.589,228,348.0,13.06374448245614,77.58935134035087,Kodigehalli,No Junction,25,11.0,2,0.633,440.57,6.090336557872605,32.6,242,Medium
Madiwala_12.906_77.628,221,361.5,12.906707893473381,77.62848601801815,Madiwala,No Junction,83,37.6,2,0.613,443.2,6.096274911460327,32.6,243,Medium
"BTP177 - Aurobindo Circle, ORR",186,282.5,12.916612181720431,77.58524550268818,J.P. Nagar,"BTP177 - Aurobindo Circle, ORR",81,43.5,3,0.516,437.31,6.082926422587722,32.5,244,Medium
BTP216 - Yediyur Junction,172,301.5,12.93804460616813,77.57688296083747,Basavanagudi,BTP216 - Yediyur Junction,106,61.6,3,0.477,431.45,6.069466712752521,32.4,245,Medium
City Market_12.969_77.574,176,438.0,12.969250932406164,77.5753055016795,City Market,No Junction,142,80.7,2,0.488,427.49,6.060267400542647,32.4,246,Medium
Hulimavu_12.891_77.637,190,400.5,12.891792832630177,77.63784693096036,Hulimavu,No Junction,28,14.7,2,0.527,422.13,6.047679460435717,32.3,247,Medium
Madiwala_12.927_77.619,201,375.5,12.925821052238806,77.6191487756219,Madiwala,No Junction,93,46.3,2,0.558,419.06,6.040397558217161,32.2,248,Medium
R.T. Nagar_13.023_77.592,245,307.0,13.023110674693879,77.59272280653062,R.T. Nagar,No Junction,153,62.4,2,0.68,417.52,6.036724678512846,32.2,249,Medium
Sadashivanagar_13.029_77.571,251,302.5,13.028708005179283,77.57128726733067,Sadashivanagar,No Junction,185,73.7,2,0.696,421.08,6.04519486952895,32.2,250,Medium
BTP146 - Domlur Water Tank,146,345.5,12.960488461643836,77.63886880273972,Halasur,BTP146 - Domlur Water Tank,82,56.2,3,0.405,419.78,6.042110131776874,32.2,251,Medium
"BTP145 - Sri Hatti Maramma Circle, Domluru",175,289.0,12.961282601803124,77.63615441362482,Halasur,"BTP145 - Sri Hatti Maramma Circle, Domluru",85,48.6,3,0.486,421.36,6.045858030938314,32.2,252,Medium
Magadi Road_12.963000000000001_77.556,186,395.0,12.964325882795698,77.5552021516129,Magadi Road,No Junction,47,25.3,2,0.516,407.64,6.0128345728441746,32.0,253,Medium
Jeevanbheemanagar_12.969_77.649,223,321.0,12.969045075040606,77.64863891901308,Jeevanbheemanagar,No Junction,94,42.2,2,0.619,397.4,5.987456525710443,31.8,254,Medium
"BTP033 - Sophia High School, Sankey Road",208,228.0,12.990444546153846,77.58866545673077,High ground,"BTP033 - Sophia High School, Sankey Road",86,41.3,3,0.577,394.67,5.980580530505903,31.8,255,Medium
"BTP102 - BMTC Junction, KH Road",175,274.0,12.955459190857143,77.59290232228571,Wilson Garden,"BTP102 - BMTC Junction, KH Road",137,78.3,3,0.486,399.49,5.992688797407675,31.8,256,Medium
Sheshadripuram_12.99_77.571,226,308.0,12.9905737960177,77.57183365132744,Sheshadripuram,No Junction,104,46.0,2,0.627,386.23,5.959018831739896,31.6,257,Medium
Rajajinagar_13.008000000000001_77.544,209,330.5,13.008456653588517,77.54304870956938,Rajajinagar,No Junction,94,45.0,2,0.58,383.38,5.951631646606258,31.5,258,Medium
Whitefield_12.987_77.736,260,262.5,12.987232090384616,77.73516276115384,Whitefield,No Junction,78,30.0,2,0.721,378.52,5.9389072963693055,31.4,259,Medium
Pulikeshinagar(F.Town)_12.993_77.61,210,317.0,12.993618310952382,77.60987583285714,Pulikeshinagar(F.Town),No Junction,42,20.0,2,0.583,369.62,5.915177278935863,31.3,260,Medium
Pulikeshinagar(F.Town)_12.999_77.625,192,351.0,12.999303367187501,77.62483995052084,Pulikeshinagar(F.Town),No Junction,59,30.7,2,0.533,374.17,5.927379256579233,31.3,261,Medium
Shivajinagar_12.984_77.607,232,285.5,12.984509620227815,77.6073305698276,Shivajinagar,No Junction,150,64.7,2,0.644,367.72,5.9100375484122525,31.2,262,Medium
BTP105 - Shivasankara Circle,186,238.0,12.956902590860215,77.57416609784947,V.V.Puram (C.Pet),BTP105 - Shivasankara Circle,55,29.6,3,0.516,368.42,5.911934208151174,31.2,263,Medium
Kamakshipalya_12.987_77.52,241,272.5,12.987122598519731,77.5195472514099,Kamakshipalya,No Junction,123,51.0,2,0.669,364.6,5.901539839579995,31.1,264,Medium
BTP173 - TMC,152,278.0,12.98232968486842,77.59871615789473,Shivajinagar,BTP173 - TMC,120,78.9,3,0.422,351.95,5.866326403841481,30.9,265,Medium
Electronic City_12.843_77.649,242,262.0,12.841629822727272,77.64762293760332,Electronic City,No Junction,10,4.1,2,0.671,351.6,5.86533426996377,30.9,266,Medium
Bellandur_12.906_77.697,189,331.0,12.906803235936552,77.69670433224184,Bellandur,No Junction,122,64.6,2,0.524,346.89,5.85188633785286,30.8,267,Medium
Mahadevapura_12.987_77.733,249,251.5,12.98795359317269,77.73408276024097,Mahadevapura,No Junction,45,18.1,2,0.691,347.57,5.85383907086288,30.8,268,Medium
Bellandur_12.918000000000001_77.673,186,332.5,12.917172250890006,77.67285434274193,Bellandur,No Junction,107,57.5,2,0.516,343.14,5.841048551325011,30.7,269,Medium
Jalahalli_13.05_77.526,249,249.0,13.050488885140563,77.5255347192771,Jalahalli,No Junction,123,49.4,2,0.691,344.12,5.843892182640846,30.7,270,Medium
Magadi Road_12.966000000000001_77.556,200,310.0,12.9647111725,77.55489921350001,Magadi Road,No Junction,90,45.0,2,0.555,344.1,5.843834230103957,30.7,271,Medium
BTP122 - Siddapura Junction,146,278.5,12.948400291780821,77.59279610068494,Wilson Garden,BTP122 - Siddapura Junction,83,56.8,3,0.405,338.38,5.82712042354468,30.6,272,Medium
Halasur_12.972_77.622,170,357.0,12.97315359,77.62184596470588,Halasur,No Junction,76,44.7,2,0.472,337.01,5.823075480844184,30.6,273,Medium
Whitefield_12.897_77.721,173,350.0,12.896647204046245,77.72005516300578,Whitefield,No Junction,112,64.7,2,0.48,336.0,5.820082930352362,30.5,274,Medium
BTP132 - Anepalya Junction,158,254.0,12.951251251265823,77.60690484050633,Ashok Nagar,BTP132 - Anepalya Junction,49,31.0,3,0.438,333.76,5.813413857164673,30.5,275,Medium
Yeshwanthpura_13.026_77.544,206,289.0,13.027116202912621,77.54343244951457,Yeshwanthpura,No Junction,110,53.4,2,0.572,330.62,5.803989735073227,30.4,276,Medium
Kodigehalli_13.062_77.586,190,315.0,13.062407110526316,77.58699167789474,Kodigehalli,No Junction,25,13.2,2,0.527,332.01,5.808172519559582,30.4,277,Medium
"BTP168 - MSR Building, JC Road",132,300.5,12.961180810606061,77.58428897045455,Halasuru Gate,"BTP168 - MSR Building, JC Road",54,40.9,3,0.366,329.95,5.801967306564932,30.4,278,Low
BTP203 - RRMR Junction,130,295.5,12.96743880076923,77.59360017,Halasuru Gate,BTP203 - RRMR Junction,48,36.9,3,0.361,320.03,5.77153457670702,30.2,279,Low
BTP103 - Shanti Nagar TTMC,144,266.0,12.9538741625,77.59162276111111,Wilson Garden,BTP103 - Shanti Nagar TTMC,98,68.1,3,0.4,319.2,5.768945800562614,30.1,280,Low
Malleshwaram_13.002_77.568,187,306.5,13.001634526737968,77.56923961336899,Malleshwaram,No Junction,135,72.2,2,0.519,318.15,5.765661211702066,30.1,281,Low
Magadi Road_12.963000000000001_77.553,225,252.5,12.96433658,77.553265032,Magadi Road,No Junction,81,36.0,2,0.624,315.12,5.756121888336774,30.0,282,Low
Pulikeshinagar(F.Town)_12.987_77.619,204,276.0,12.987352027853111,77.61879614560723,Pulikeshinagar(F.Town),No Junction,125,61.3,2,0.566,312.43,5.747576049654617,30.0,283,Low
HSR Layout_12.891_77.64,168,335.5,12.89069310034574,77.63927385910426,HSR Layout,No Junction,96,57.1,2,0.466,312.69,5.748405237098477,30.0,284,Low
Yeshwanthpura_13.02_77.559,193,287.0,13.018885520693713,77.55802153970191,Yeshwanthpura,No Junction,103,53.4,2,0.536,307.66,5.732240347472685,29.9,285,Low
Malleshwaram_12.996_77.568,178,311.5,12.99704287022472,77.56843942022472,Malleshwaram,No Junction,140,78.7,2,0.494,307.76,5.732564276081653,29.9,286,Low
High ground_12.993_77.589,228,232.5,12.992449911842105,77.58992676140352,High ground,No Junction,36,15.8,2,0.633,294.35,5.688161093753244,29.5,287,Low
Hulimavu_12.876_77.598,214,244.5,12.876280314485982,77.59671116728973,Hulimavu,No Junction,127,59.3,2,0.594,290.47,5.674937084542365,29.4,288,Low
Jeevanbheemanagar_12.969_77.637,179,290.0,12.969755315642457,77.63705981564246,Jeevanbheemanagar,No Junction,103,57.5,2,0.497,288.26,5.667325937645586,29.4,289,Low
Mico Layout_12.927_77.61,127,401.0,12.926655312598424,77.60894206535434,Mico Layout,No Junction,46,36.2,2,0.352,282.3,5.646506406836471,29.2,290,Low
High ground_12.996_77.589,221,228.0,12.994852394117647,77.58972789095021,High ground,No Junction,64,29.0,2,0.613,279.53,5.636680671115465,29.1,291,Low
Electronic City_12.819_77.688,197,253.0,12.81887347969543,77.68877192944163,Electronic City,No Junction,86,43.7,2,0.547,276.78,5.626829433488073,29.1,292,Low
BTP106 - VV Puram College,159,210.5,12.952855020536774,77.57449485352718,V.V.Puram (C.Pet),BTP106 - VV Puram College,34,21.4,3,0.441,278.49,5.632966513779786,29.1,293,Low
Kodigehalli_13.068_77.592,180,280.0,13.068541089863396,77.59270575497234,Kodigehalli,No Junction,89,49.4,2,0.499,279.44,5.636359798338767,29.1,294,Low
"BTP094 - Sri Skanda Complex, Mysore Road",112,297.5,12.955815682142857,77.54617815178571,Byatarayanapura,"BTP094 - Sri Skanda Complex, Mysore Road",54,48.2,3,0.311,277.57,5.629669374284202,29.1,295,Low
Chikkajala_13.122_77.631,156,318.5,13.121987412500001,77.6309828727564,Chikkajala,No Junction,44,28.2,2,0.433,275.82,5.623367475468556,29.0,296,Low
Yelahanka_13.092_77.595,212,223.0,13.093093006132076,77.5941064240566,Yelahanka,No Junction,147,69.3,2,0.588,262.25,5.573104151014085,28.6,297,Low
HAL Old Airport_12.96_77.703,176,267.0,12.960397696577163,77.70167097443499,HAL Old Airport,No Junction,81,46.0,2,0.488,260.59,5.566778392552706,28.6,298,Low
BTP196 - Sarakki Main Road,138,226.5,12.910996460923245,77.57833824855072,J.P. Nagar,BTP196 - Sarakki Main Road,19,13.8,3,0.383,260.25,5.565477803279021,28.6,299,Low
Peenya_13.041_77.52,154,296.0,13.039965197186147,77.51877076796536,Peenya,No Junction,57,37.0,2,0.427,252.78,5.536467749968769,28.4,300,Low
"BTP089 - Police Quarters, Sultan Road",87,353.5,12.960983110344829,77.56353294367817,Chamarajpet,"BTP089 - Police Quarters, Sultan Road",22,25.3,3,0.241,255.58,5.547440506821194,28.4,301,Low
"BTP202 - East End Main Road, Jayanagar",142,208.0,12.917186653521128,77.59701229788732,Jayanagara,"BTP202 - East End Main Road, Jayanagar",58,40.8,3,0.394,245.86,5.508821374315783,28.2,302,Low
Shivajinagar_12.987_77.604,164,263.5,12.986436435260547,77.60464583352604,Shivajinagar,No Junction,61,37.2,2,0.455,239.78,5.48388365350688,28.0,303,Low
BTP064 - Devanga Hostel Junction,104,269.5,12.962732790384617,77.58990461057692,Halasuru Gate,BTP064 - Devanga Hostel Junction,54,51.9,3,0.289,233.66,5.4581376579954775,27.8,304,Low
Yelahanka_13.095_77.595,193,220.0,13.094231432124351,77.59435934248704,Yelahanka,No Junction,148,76.7,2,0.536,235.84,5.467384807663575,27.8,305,Low
Hulimavu_12.885_77.64,127,333.0,12.884900427512925,77.64099763443217,Hulimavu,No Junction,14,11.0,2,0.352,234.43,5.4614136293568585,27.8,306,Low
Ashok Nagar_12.975_77.61,169,242.0,12.974018869230768,77.60960083372781,Ashok Nagar,No Junction,115,68.0,2,0.469,227.0,5.429345628954441,27.5,307,Low
Mahadevapura_12.981_77.694,106,376.5,12.979957383439528,77.69479678007123,Mahadevapura,No Junction,60,56.6,2,0.294,221.38,5.404387630275103,27.4,308,Low
Jalahalli_13.056000000000001_77.547,165,244.5,13.056960202424243,77.54719752848484,Jalahalli,No Junction,59,35.8,2,0.458,223.96,5.4159226086223,27.4,309,Low
Kodigehalli_13.047_77.574,163,243.5,13.0474630601227,77.57460830858895,Kodigehalli,No Junction,81,49.7,2,0.452,220.12,5.398705540579305,27.3,310,Low
Pulikeshinagar(F.Town)_12.99_77.613,135,280.5,12.990457257037036,77.61238219481481,Pulikeshinagar(F.Town),No Junction,59,43.7,2,0.375,210.38,5.353657461581201,27.0,311,Low
Bellandur_12.927_77.694,135,280.5,12.927213925816368,77.69486228604367,Bellandur,No Junction,35,25.9,2,0.375,210.38,5.353657461581201,27.0,312,Low
BTP092 - Bangalore Builders Junction,96,255.0,12.959323617708334,77.555697278125,Chamarajpet,BTP092 - Bangalore Builders Junction,28,29.2,3,0.266,203.49,5.320519074531723,26.7,313,Low
"BTP190 - 36th Cross, 4th Main, Jayanagar",145,165.5,12.922585208123428,77.5812768107059,Jayanagara,"BTP190 - 36th Cross, 4th Main, Jayanagar",41,28.3,3,0.402,199.59,5.301263023836606,26.6,314,Low
HAL Old Airport_12.96_77.7,147,239.5,12.959309224489797,77.70111923741497,HAL Old Airport,No Junction,106,72.1,2,0.408,195.43,5.280306133746185,26.4,315,Low
Jalahalli_13.05_77.553,168,208.5,13.050811667261904,77.55279264583334,Jalahalli,No Junction,96,57.1,2,0.466,194.32,5.274639239193459,26.4,316,Low
BTP166 - Coffee Board Junction,121,191.5,12.984920821487604,77.5943366785124,Cubbon Park,BTP166 - Coffee Board Junction,95,78.5,3,0.336,193.03,5.268012786283181,26.3,317,Low
Chikkabanavara_13.05_77.496,119,283.0,13.04942827815126,77.4961596162465,Chikkabanavara,No Junction,38,31.9,2,0.33,186.78,5.2352710648304015,26.1,318,Low
Kodigehalli_13.053_77.592,169,198.5,13.053900385798817,77.59273013786982,Kodigehalli,No Junction,71,42.0,2,0.469,186.19,5.2321241438132375,26.0,319,Low
"BTP113 - 27th Cross, Pai Vista, KR Road",128,172.0,12.9175333703125,77.5731112515625,Banashankari,"BTP113 - 27th Cross, Pai Vista, KR Road",43,33.6,3,0.355,183.18,5.215913540293221,25.9,320,Low
BTP171 - Indian Express (Balekundri),114,191.5,12.986301935964912,77.59864174824561,Shivajinagar,BTP171 - Indian Express (Balekundri),62,54.4,3,0.316,181.54,5.206969327088731,25.9,321,Low
Bellandur_12.903_77.703,148,223.0,12.903730277041138,77.70393942883541,Bellandur,No Junction,56,37.8,2,0.411,183.31,5.216619122563531,25.9,322,Low
Sadashivanagar_13.008000000000001_77.58,155,211.5,13.007494998709678,77.57935960967743,Sadashivanagar,No Junction,74,47.7,2,0.43,181.89,5.208884879216484,25.9,323,Low
Rajajinagar_13.002_77.526,90,359.5,13.002038702222222,77.52575421888889,Rajajinagar,No Junction,37,41.1,2,0.25,179.75,5.197114861038874,25.8,324,Low
"BTP221 - 15th Cross, 24th Main, JP Nagar",116,185.5,12.905022600862068,77.58618874568965,J.P. Nagar,"BTP221 - 15th Cross, 24th Main, JP Nagar",69,59.5,3,0.322,179.19,5.194011849738723,25.8,325,Low
Yelahanka_13.095_77.601,104,311.0,13.095914214423077,77.60025179615386,Yelahanka,No Junction,3,2.9,2,0.289,179.76,5.197170184543078,25.8,326,Low
K.R. Pura_13.005_77.688,158,202.5,13.006251928481014,77.68692246835444,K.R. Pura,No Junction,36,22.8,2,0.438,177.39,5.183972164763176,25.7,327,Low
Wilson Garden_12.936_77.586,171,185.0,12.9373891516356,77.58517902929002,Wilson Garden,No Junction,73,42.7,2,0.474,175.38,5.172640758460035,25.6,328,Low
Pulikeshinagar(F.Town)_13.002_77.613,147,214.5,13.001418126530613,77.6123991857143,Pulikeshinagar(F.Town),No Junction,53,36.1,2,0.408,175.03,5.170654435057881,25.6,329,Low
Chikkajala_13.185_77.682,128,244.5,13.18364253125,77.68181884453125,Chikkajala,No Junction,26,20.3,2,0.355,173.6,5.162497643405501,25.5,330,Low
Mahadevapura_12.972_77.712,124,247.0,12.972390213709676,77.71132473709677,Mahadevapura,No Junction,33,26.6,2,0.344,169.94,5.141312617737872,25.4,331,Low
Sheshadripuram_12.993_77.574,138,224.0,12.99270153478261,77.57387794710145,Sheshadripuram,No Junction,83,60.1,2,0.383,171.58,5.150860897080162,25.4,332,Low
"BTP015 - Suguna Hospital, Dr. Rajkumar Road",103,195.5,12.98771043883495,77.55949917572815,Rajajinagar,"BTP015 - Suguna Hospital, Dr. Rajkumar Road",54,52.4,3,0.286,167.74,5.128359068737481,25.3,333,Low
HAL Old Airport_12.936_77.703,126,235.0,12.93689087122322,77.70296739332146,HAL Old Airport,No Junction,71,56.3,2,0.35,164.5,5.1089711948171175,25.1,334,Low
BTP121 - KH Circle,107,182.5,12.951853676635514,77.5903747271028,Wilson Garden,BTP121 - KH Circle,73,68.2,3,0.297,162.61,5.097485546994985,25.0,335,Low
Mahadevapura_12.975_77.712,88,332.5,12.974455379545454,77.7108770034091,Mahadevapura,No Junction,22,25.0,2,0.244,162.26,5.09534402202321,25.0,336,Low
Chikkajala_13.185_77.685,131,216.5,13.183933320610686,77.68549128167939,Chikkajala,No Junction,17,13.0,2,0.363,157.18,5.063733625091271,24.8,337,Low
Bellandur_12.912_77.682,135,210.5,12.912136085185185,77.68153234222221,Bellandur,No Junction,72,53.3,2,0.375,157.88,5.068149200296863,24.8,338,Low
HAL Old Airport_12.966000000000001_77.715,129,215.0,12.966823254263566,77.71558848294573,HAL Old Airport,No Junction,71,55.0,2,0.358,153.94,5.043037945203756,24.6,339,Low
BTP193 - Vasavi Circle,113,161.0,12.949798086218998,77.5767949444681,V.V.Puram (C.Pet),BTP193 - Vasavi Circle,27,23.9,3,0.314,151.66,5.028213226370324,24.5,340,Low
HAL Old Airport_12.96_77.667,149,182.5,12.958941799328858,77.66795003154363,HAL Old Airport,No Junction,35,23.5,2,0.413,150.74,5.022168529909929,24.4,341,Low
Wilson Garden_12.939_77.592,104,259.5,12.938284772115384,77.59263543076923,Wilson Garden,No Junction,81,77.9,2,0.289,149.99,5.017213609456379,24.4,342,Low
Yelahanka_13.101_77.589,146,184.5,13.099720360273972,77.58870785684931,Yelahanka,No Junction,78,53.4,2,0.405,149.45,5.013630803076055,24.4,343,Low
Yelahanka_13.122_77.631,105,254.0,13.121464296190476,77.63111686761904,Yelahanka,No Junction,26,24.8,2,0.291,147.83,5.0028047149810675,24.3,344,Low
"BTP159 - JP Nagar Metro, ORR",101,176.0,12.906413123500311,77.57288417491768,J.P. Nagar,"BTP159 - JP Nagar Metro, ORR",34,33.7,3,0.28,147.84,5.002871903478422,24.3,345,Low
Mico Layout_12.915000000000001_77.604,144,184.0,12.913602978472221,77.60490847083332,Mico Layout,No Junction,58,40.3,2,0.4,147.2,4.998562712861986,24.3,346,Low
Peenya_13.047_77.502,153,174.5,13.047074810457516,77.50104393333334,Peenya,No Junction,16,10.5,2,0.425,148.32,5.006091654046383,24.3,347,Low
R.T. Nagar_13.029_77.586,126,211.5,13.027718843650792,77.58606406666667,R.T. Nagar,No Junction,56,44.4,2,0.35,148.05,5.00428182012408,24.3,348,Low
"BTP093 - Toll Gate, Mysore Road",90,194.0,12.958754304444446,77.55213842444445,Magadi Road,"BTP093 - Toll Gate, Mysore Road",31,34.4,3,0.25,145.5,4.987025428457122,24.2,349,Low
J.P. Nagar_12.894_77.598,147,179.0,12.89468405782313,77.5990968462585,J.P. Nagar,No Junction,119,81.0,2,0.408,146.06,4.990840666768076,24.2,350,Low
Ashok Nagar_12.975_77.607,149,175.5,12.974307198657717,77.60775829932886,Ashok Nagar,No Junction,64,43.0,2,0.413,144.96,4.983332611568247,24.1,351,Low
Bellandur_12.93_77.694,95,272.0,12.930007110526317,77.69496189473685,Bellandur,No Junction,35,36.8,2,0.264,143.62,4.974109612746806,24.1,352,Low
Byatarayanapura_12.951_77.523,99,261.5,12.950489204040405,77.52212123030303,Byatarayanapura,No Junction,38,38.4,2,0.275,143.83,4.975560640812765,24.1,353,Low
Shivajinagar_12.984_77.604,117,220.5,12.985098994017093,77.60528671880341,Shivajinagar,No Junction,45,38.5,2,0.325,143.33,4.972102344379472,24.1,354,Low
Bellandur_12.921000000000001_77.667,113,223.0,12.92115637071399,77.6667192211044,Bellandur,No Junction,55,48.7,2,0.314,140.04,4.949043538089615,23.9,355,Low
Banaswadi_13.023_77.637,153,160.0,13.022471553365436,77.63786990091698,Banaswadi,No Junction,29,19.0,2,0.425,136.0,4.919980925828125,23.7,356,Low
R.T. Nagar_13.026_77.586,120,206.5,13.0258256,77.58557205583334,R.T. Nagar,No Junction,55,45.8,2,0.333,137.53,4.931086908669788,23.7,357,Low
Jeevanbheemanagar_12.969_77.643,131,189.0,12.969985238931297,77.64296049465649,Jeevanbheemanagar,No Junction,59,45.0,2,0.363,137.21,4.928774267615935,23.7,358,Low
"BTP191 - 40th Cross, 4th Main, Jayanagar",105,154.5,12.920106225714285,77.58220127047619,Jayanagara,"BTP191 - 40th Cross, 4th Main, Jayanagar",28,26.7,3,0.291,134.88,4.911772143292383,23.6,359,Low
R.T. Nagar_13.02_77.592,146,165.0,13.020324225342465,77.59250110890412,R.T. Nagar,No Junction,49,33.6,2,0.405,133.65,4.902678819257608,23.5,360,Low
HSR Layout_12.891_77.637,132,182.5,12.891982621894696,77.63829715603617,HSR Layout,No Junction,31,23.5,2,0.366,133.59,4.902233120245624,23.5,361,Low
HAL Old Airport_12.957_77.709,79,304.0,12.956578826582279,77.70868560253165,HAL Old Airport,No Junction,9,11.4,2,0.219,133.15,4.8989585768716335,23.5,362,Low
Adugodi_12.924_77.634,107,222.5,12.925126109345793,77.63388388411215,Adugodi,No Junction,55,51.4,2,0.297,132.16,4.891551412706824,23.4,363,Low
HAL Old Airport_12.933_77.697,85,278.0,12.932448660008562,77.69611812061797,HAL Old Airport,No Junction,34,40.0,2,0.236,131.22,4.884467201905432,23.4,364,Low
Banaswadi_12.993_77.652,137,171.5,12.991955640145985,77.65234615620437,Banaswadi,No Junction,128,93.4,2,0.38,130.34,4.8777893807628265,23.3,365,Low
Jnanabharathi_12.972_77.508,123,189.5,12.971656833333332,77.50762372357723,Jnanabharathi,No Junction,68,55.3,2,0.341,129.24,4.869378902254231,23.3,366,Low
"BTP179 - 9th Block, 28th Main, Jayanagar",110,141.0,12.91695609,77.59508601818183,Jayanagara,"BTP179 - 9th Block, 28th Main, Jayanagar",21,19.1,3,0.305,129.01,4.867611370574077,23.3,367,Low
Cubbon Park_12.975_77.607,139,166.5,12.974444283453238,77.60716976115107,Cubbon Park,No Junction,46,33.1,2,0.386,128.54,4.863989713754771,23.2,368,Low
Kodigehalli_13.065_77.586,125,184.0,13.0637029144,77.5869272776,Kodigehalli,No Junction,4,3.2,2,0.347,127.7,4.857484114602081,23.2,369,Low
Hebbala_13.05_77.592,145,158.5,13.049456604827586,77.59327587034483,Hebbala,No Junction,55,37.9,2,0.402,127.43,4.855384008824965,23.2,370,Low
Mahadevapura_12.999_77.688,113,202.0,12.998931815431437,77.68812677785725,Mahadevapura,No Junction,49,43.4,2,0.314,126.86,4.850935915338581,23.1,371,Low
Kodigehalli_13.029_77.574,123,181.5,13.028145925203253,77.57359875853658,Kodigehalli,No Junction,53,43.1,2,0.341,123.78,4.82655218668264,23.0,372,Low
"BTP127 - Sagar Hospital, Jayanagar",83,177.0,12.927947021686748,77.59825148915664,Jayanagara,"BTP127 - Sagar Hospital, Jayanagar",30,36.1,3,0.23,122.13,4.81324070780478,22.9,373,Low
HAL Old Airport_12.933_77.685,122,181.0,12.931709375409836,77.68532886311476,HAL Old Airport,No Junction,72,59.0,2,0.339,122.72,4.818020947816869,22.9,374,Low
High ground_12.993_77.595,121,182.5,12.992507090909092,77.59478767438017,High ground,No Junction,70,57.9,2,0.336,122.64,4.817374117263916,22.9,375,Low
Bellandur_12.924_77.673,110,200.0,12.924044937248848,77.67340405523858,Bellandur,No Junction,38,34.5,2,0.305,122.0,4.812184355372417,22.8,376,Low
Mico Layout_12.915000000000001_77.607,142,153.5,12.913661819014084,77.60611695070422,Mico Layout,No Junction,44,31.0,2,0.394,120.96,4.803693122120054,22.8,377,Low
BTP212 - Minto Junction,78,186.5,12.96031432051282,77.5714075602564,V.V.Puram (C.Pet),BTP212 - Minto Junction,44,56.4,3,0.216,120.85,4.8027907800712155,22.8,378,Low
Yeshwanthpura_13.023_77.532,69,312.0,13.022608307246376,77.53279048985506,Yeshwanthpura,No Junction,30,43.5,2,0.191,119.18,4.788990618905782,22.7,379,Low
Byatarayanapura_12.948_77.535,92,233.5,12.948066942391304,77.534686675,Byatarayanapura,No Junction,37,40.2,2,0.255,119.08,4.788158187325206,22.7,380,Low
Bellandur_12.924_77.676,90,241.0,12.924906747777777,77.67580838111111,Bellandur,No Junction,36,40.0,2,0.25,120.5,4.799914262780603,22.7,381,Low
Adugodi_12.936_77.616,118,183.5,12.936327452542374,77.61712618050846,Adugodi,No Junction,39,33.1,2,0.327,120.01,4.7958731868099616,22.7,382,Low
BTP222 - Delmia Circle,98,147.5,12.905932804081633,77.59263616836735,J.P. Nagar,BTP222 - Delmia Circle,34,34.7,3,0.272,120.36,4.798761335040277,22.7,383,Low
Cubbon Park_12.975_77.604,129,165.5,12.974973433333332,77.60389977906978,Cubbon Park,No Junction,68,52.7,2,0.358,118.5,4.783316371371566,22.6,384,Low
Hebbala_13.071_77.592,113,184.5,13.071638450442478,77.59319246106195,Hebbala,No Junction,51,45.1,2,0.314,115.87,4.761062205945065,22.5,385,Low
Yeshwanthpura_13.035_77.556,114,184.0,13.034528031101672,77.55708779896989,Yeshwanthpura,No Junction,27,23.7,2,0.316,116.29,4.764649500533414,22.5,386,Low
Pulikeshinagar(F.Town)_12.984_77.613,114,185.5,12.983447736842106,77.61334773157895,Pulikeshinagar(F.Town),No Junction,68,59.6,2,0.316,117.24,4.772716457199891,22.5,387,Low
Adugodi_12.93_77.634,115,182.5,12.930509861739129,77.63311315391304,Adugodi,No Junction,63,54.8,2,0.319,116.44,4.765927564866206,22.5,388,Low
Halasur_12.972_77.625,115,180.0,12.972360313913043,77.62596700260869,Halasur,No Junction,45,39.1,2,0.319,114.84,4.752209928637407,22.4,389,Low
BTP030 - Mekhri Circle,87,158.5,13.013624291954024,77.58397421839081,Sadashivanagar,BTP030 - Mekhri Circle,37,42.5,3,0.241,114.6,4.750135956238277,22.4,390,Low
HSR Layout_12.906_77.634,71,287.0,12.906973829577465,77.63382345352113,HSR Layout,No Junction,27,38.0,2,0.197,113.08,4.736899956665986,22.3,391,Low
Rajajinagar_13.023_77.532,70,291.0,13.021850155714285,77.53245423285713,Rajajinagar,No Junction,38,54.3,2,0.194,112.91,4.735408662911821,22.3,392,Low
Rajajinagar_13.011000000000001_77.553,115,174.5,13.012273281739132,77.55218743217391,Rajajinagar,No Junction,60,52.2,2,0.319,111.33,4.721440967653478,22.2,393,Low
Byatarayanapura_12.942_77.526,118,171.5,12.940732984745763,77.52473531440678,Byatarayanapura,No Junction,52,44.1,2,0.327,112.16,4.728802746433367,22.2,394,Low
Whitefield_12.942_77.748,100,198.5,12.942245746000001,77.74727013100001,Whitefield,No Junction,45,45.0,2,0.277,109.97,4.709259894512472,22.1,395,Low
K.S. Layout_12.906_77.547,111,180.5,12.90689372095026,77.5461539299221,K.S. Layout,No Junction,12,10.8,2,0.308,111.19,4.720193862556873,22.1,396,Low
Yeshwanthpura_13.02_77.556,122,164.0,13.019395340983607,77.55667346311475,Yeshwanthpura,No Junction,45,36.9,2,0.339,111.19,4.720193862556873,22.1,397,Low
Malleshwaram_13.008000000000001_77.568,116,169.5,13.007853912068965,77.56878661551724,Malleshwaram,No Junction,96,82.8,2,0.322,109.16,4.7019338544204,22.0,398,Low
Jeevanbheemanagar_12.978_77.643,110,176.0,12.978617884545455,77.6423264890909,Jeevanbheemanagar,No Junction,89,80.9,2,0.305,107.36,4.685459017216894,21.9,399,Low
Rajajinagar_13.017_77.55,73,263.5,13.016326752054795,77.54977743287671,Rajajinagar,No Junction,10,13.7,2,0.203,106.98,4.6819460247901405,21.8,400,Low
Chikkajala_13.185_77.688,110,172.5,13.184149216363636,77.68779629636364,Chikkajala,No Junction,16,14.5,2,0.305,105.22,4.665512414994253,21.7,401,Low
Whitefield_12.963000000000001_77.733,117,161.0,12.963376716499837,77.73303398327528,Whitefield,No Junction,74,63.2,2,0.325,104.65,4.660131744062066,21.7,402,Low
Kodigehalli_13.023_77.586,103,181.0,13.02360046099381,77.58483724928267,Kodigehalli,No Junction,81,78.6,2,0.286,103.53,4.649474111544616,21.6,403,Low
K.S. Layout_12.909_77.55,98,191.5,12.909646981961053,77.55011410773042,K.S. Layout,No Junction,32,32.7,2,0.272,104.18,4.655673168161198,21.6,404,Low
Bellandur_12.915000000000001_77.679,107,173.0,12.913764173909952,77.67813868865818,Bellandur,No Junction,62,57.9,2,0.297,102.76,4.642080540008188,21.5,405,Low
Halasur_12.978_77.628,113,162.0,12.978185908849557,77.62831965486725,Halasur,No Junction,96,85.0,2,0.314,101.74,4.632201525039122,21.5,406,Low
Kodigehalli_13.059000000000001_77.577,88,206.5,13.059889755142107,77.576642894371,Kodigehalli,No Junction,38,43.2,2,0.244,100.77,4.62271536520384,21.4,407,Low
Magadi Road_12.963000000000001_77.55,110,165.0,12.964160814545455,77.55038061636364,Magadi Road,No Junction,55,50.0,2,0.305,100.65,4.621535540074356,21.4,408,Low
Adugodi_12.936_77.628,118,155.0,12.936894043898306,77.62733814457627,Adugodi,No Junction,37,31.4,2,0.327,101.37,4.628593700931679,21.4,409,Low
Jeevanbheemanagar_12.978_77.628,113,159.0,12.978305931858406,77.62876941592921,Jeevanbheemanagar,No Junction,106,93.8,2,0.314,99.85,4.613634264400221,21.3,410,Low
Whitefield_12.963000000000001_77.718,78,231.5,12.963714237179486,77.71788092948718,Whitefield,No Junction,43,55.1,2,0.216,100.01,4.615219521841093,21.3,411,Low
Mahadevapura_12.978_77.697,99,179.5,12.978549229729186,77.6960457389626,Mahadevapura,No Junction,39,39.4,2,0.275,98.72,4.6023662586553575,21.2,412,Low
R.T. Nagar_13.002_77.595,101,174.5,13.001561014851486,77.59541645643564,R.T. Nagar,No Junction,51,50.5,2,0.28,97.72,4.592287560157078,21.2,413,Low
Banashankari_12.936_77.535,129,134.0,12.935005815503876,77.53638837054262,Banashankari,No Junction,17,13.2,2,0.358,95.94,4.57409223041723,21.0,414,Low
HAL Old Airport_12.969_77.712,88,196.0,12.970088916439671,77.71257565357028,HAL Old Airport,No Junction,24,27.3,2,0.244,95.65,4.57109620565434,21.0,415,Low
Byatarayanapura_12.96_77.526,129,133.5,12.960895860465117,77.52714241007752,Byatarayanapura,No Junction,47,36.4,2,0.358,95.59,4.570475216191205,21.0,416,Low
K.G. Halli_13.038_77.625,66,257.5,13.037324148484847,77.62515483484847,K.G. Halli,No Junction,0,0.0,2,0.183,94.24,4.556400021618662,20.9,417,Low
Adugodi_12.942_77.622,103,161.5,12.942233416504854,77.62224934854369,Adugodi,No Junction,46,44.7,2,0.286,92.38,4.536677189542791,20.7,418,Low
Yeshwanthpura_13.032_77.559,120,138.5,13.032780074166668,77.55861802999999,Yeshwanthpura,No Junction,73,60.8,2,0.333,92.24,4.535176814167556,20.7,419,Low
Jeevanbheemanagar_12.96_77.655,90,184.0,12.959384252430318,77.65536750927707,Jeevanbheemanagar,No Junction,48,53.3,2,0.25,92.0,4.532599493153256,20.7,420,Low
Hulimavu_12.876_77.646,79,206.0,12.876748506329115,77.64706715316456,Hulimavu,No Junction,15,19.0,2,0.219,90.23,4.513383790357383,20.6,421,Low
BTP036 - Police Thimmaiah Circle (GPO),83,132.0,12.981054290361447,77.59432185301205,Cubbon Park,BTP036 - Police Thimmaiah Circle (GPO),48,57.8,3,0.23,91.08,4.522657764413627,20.6,422,Low
Madiwala_12.912_77.625,103,157.0,12.91169655631068,77.62570305436894,Madiwala,No Junction,59,57.3,2,0.286,89.8,4.508659285607248,20.5,423,Low
Upparpet_12.978_77.583,89,181.0,12.979021339325842,77.58210229213483,Upparpet,No Junction,46,51.7,2,0.247,89.41,4.504354880749275,20.5,424,Low
Chikkabanavara_13.056000000000001_77.508,105,153.5,13.055258731428571,77.50755856857143,Chikkabanavara,No Junction,34,32.4,2,0.291,89.34,4.503580330226458,20.5,425,Low
HSR Layout_12.903_77.643,57,280.0,12.903519245614035,77.64209047017543,HSR Layout,No Junction,57,100.0,2,0.158,88.48,4.494015136621929,20.4,426,Low
BTP217 - Baleyele Junction,85,124.5,12.957381283693532,77.56944775460542,V.V.Puram (C.Pet),BTP217 - Baleyele Junction,64,75.3,3,0.236,88.15,4.49032034430915,20.4,427,Low
Ashok Nagar_12.972_77.61,96,165.5,12.973100902083333,77.610093215625,Ashok Nagar,No Junction,55,57.3,2,0.266,88.05,4.489198009735671,20.4,428,Low
Malleshwaram_13.011000000000001_77.55,94,166.5,13.011543578723405,77.55139119042553,Malleshwaram,No Junction,54,57.4,2,0.261,86.91,4.476313563863087,20.3,429,Low
BTP133 - Adugodi Junction,73,143.0,12.941853575342465,77.6086067250685,Adugodi,BTP133 - Adugodi Junction,34,46.6,3,0.203,87.09,4.478359019121704,20.3,430,Low
HAL Old Airport_12.969_77.7,100,155.5,12.969158686999998,77.700763757,HAL Old Airport,No Junction,78,78.0,2,0.277,86.15,4.46763077196603,20.2,431,Low
K.R. Pura_13.008000000000001_77.688,105,147.0,13.006884845714286,77.68790273714285,K.R. Pura,No Junction,25,23.8,2,0.291,85.55,4.4607222816222185,20.2,432,Low
Vijayanagara_12.969_77.547,120,129.5,12.969291738333334,77.5457072975,Vijayanagara,No Junction,72,60.0,2,0.333,86.25,4.468777561082536,20.2,433,Low
HAL Old Airport_12.93_77.694,81,192.0,12.93065207777778,77.69417436049382,HAL Old Airport,No Junction,62,76.5,2,0.225,86.4,4.470495282661489,20.2,434,Low
R.T. Nagar_13.005_77.595,88,174.0,13.004471296590909,77.59443312272727,R.T. Nagar,No Junction,38,43.2,2,0.244,84.91,4.453300236649965,20.1,435,Low
Yeshwanthpura_13.017_77.559,83,184.0,13.018226491118664,77.55859339807473,Yeshwanthpura,No Junction,30,36.1,2,0.23,84.64,4.450152463721482,20.1,436,Low
Chikkajala_13.143_77.619,100,150.5,13.143958769000001,77.61785841300001,Chikkajala,No Junction,21,21.0,2,0.277,83.38,4.435330406696193,20.0,437,Low
Yelahanka_13.098_77.577,95,158.0,13.098955921052632,77.57712939368422,Yelahanka,No Junction,49,51.6,2,0.264,83.42,4.435804340354353,20.0,438,Low
Hennuru_13.071_77.634,97,153.0,13.071729621649485,77.63373242680412,Hennuru,No Junction,50,51.5,2,0.269,82.31,4.422568589986818,19.9,439,Low
Jeevanbheemanagar_12.978_77.637,106,141.0,12.978305052830189,77.63776882452831,Jeevanbheemanagar,No Junction,64,60.4,2,0.294,82.91,4.4297447958819784,19.9,440,Low
Kamakshipalya_12.99_77.508,96,155.5,12.989174215624999,77.50781959479167,Kamakshipalya,No Junction,33,34.4,2,0.266,82.73,4.4275973362163406,19.9,441,Low
Whitefield_12.966000000000001_77.718,73,199.5,12.964874726027398,77.718522,Whitefield,No Junction,42,57.5,2,0.203,81.0,4.406719247264253,19.8,442,Low
HAL Old Airport_12.957_77.667,110,134.5,12.958246796363635,77.66830652454546,HAL Old Airport,No Junction,12,10.9,2,0.305,82.04,4.419322419417578,19.8,443,Low
Jeevanbheemanagar_12.966000000000001_77.658,86,171.0,12.966819173255814,77.65826091627908,Jeevanbheemanagar,No Junction,71,82.6,2,0.239,81.74,4.4157031610332655,19.8,444,Low
HSR Layout_12.918000000000001_77.652,115,125.5,12.91785417652174,77.65172353826087,HSR Layout,No Junction,73,63.5,2,0.319,80.07,4.395312978999615,19.7,445,Low
Jeevanbheemanagar_12.963000000000001_77.649,101,144.0,12.962201820049504,77.64912857236735,Jeevanbheemanagar,No Junction,54,53.5,2,0.28,80.64,4.402319337941644,19.7,446,Low
Wilson Garden_12.939_77.586,109,133.5,12.938223672477065,77.58509396880734,Wilson Garden,No Junction,48,44.0,2,0.302,80.63,4.402196841463264,19.7,447,Low
Upparpet_12.978_77.58,95,149.5,12.978617403157894,77.58116938421053,Upparpet,No Junction,72,75.8,2,0.264,78.94,4.3812763532831775,19.6,448,Low
BTP138 - Sarjapur Road Check Post,75,127.0,12.927103010322917,77.61688994134308,Madiwala,BTP138 - Sarjapur Road Check Post,28,37.3,3,0.208,79.25,4.385146762010125,19.6,449,Low
Ashok Nagar_12.969_77.61,91,156.5,12.970161064361811,77.61020199720366,Ashok Nagar,No Junction,36,39.6,2,0.252,78.88,4.380525508547614,19.6,450,Low
Banashankari_12.936_77.538,112,123.0,12.934960207142856,77.53663044642857,Banashankari,No Junction,5,4.5,2,0.311,76.51,4.35040696029342,19.3,451,Low
Electronic City_12.882_77.646,74,185.0,12.880956607803078,77.64537244592361,Electronic City,No Junction,14,18.9,2,0.205,75.85,4.341855469984605,19.3,452,Low
Peenya_13.041_77.514,85,157.5,13.041761799215687,77.51447484235294,Peenya,No Junction,33,38.8,2,0.236,74.34,4.322011202263895,19.1,453,Low
Sadashivanagar_13.026_77.577,92,146.0,13.027285317391305,77.57687987826087,Sadashivanagar,No Junction,27,29.3,2,0.255,74.46,4.323602714536165,19.1,454,Low
Electronic City_12.855_77.664,83,159.5,12.855404485014985,77.66449255929402,Electronic City,No Junction,33,39.8,2,0.23,73.37,4.309052634715209,19.0,455,Low
Peenya_13.044_77.508,80,162.5,13.045192539999999,77.50711750875,Peenya,No Junction,45,56.2,2,0.222,72.15,4.292512127466133,18.9,456,Low
R.T. Nagar_13.017_77.592,86,152.0,13.017052443023257,77.59144166046511,R.T. Nagar,No Junction,40,46.5,2,0.239,72.66,4.299459911016919,18.9,457,Low
Bellandur_12.912_77.679,90,143.0,12.91303005946949,77.67973579255157,Bellandur,No Junction,64,71.1,2,0.25,71.5,4.283586561860629,18.8,458,Low
HSR Layout_12.909_77.628,63,200.5,12.90862566061075,77.62820554545092,HSR Layout,No Junction,19,30.2,2,0.175,70.18,4.265211880082047,18.7,459,Low
Kamakshipalya_12.99_77.505,80,158.0,12.990233785000001,77.50454519125,Kamakshipalya,No Junction,29,36.2,2,0.222,70.15,4.264790324535862,18.7,460,Low
Chikkabanavara_13.041_77.517,62,202.0,13.040635320967741,77.51787508870969,Chikkabanavara,No Junction,13,21.0,2,0.172,69.49,4.255470855785784,18.6,461,Low
K.G. Halli_13.035_77.622,72,170.5,13.035328040277777,77.6232031888889,K.G. Halli,No Junction,26,36.1,2,0.2,68.2,4.237000862623624,18.5,462,Low
Halasur_12.981_77.616,89,138.5,12.980777194382023,77.6150594752809,Halasur,No Junction,60,67.4,2,0.247,68.42,4.24017501043364,18.5,463,Low
Electronic City_12.84_77.649,83,150.0,12.841120934939758,77.64929927349397,Electronic City,No Junction,19,22.9,2,0.23,69.0,4.248495242049359,18.5,464,Low
Sheshadripuram_12.999_77.583,102,117.0,12.998385002941177,77.58190465882353,Sheshadripuram,No Junction,55,53.9,2,0.283,66.22,4.20797082229696,18.2,465,Low
Electronic City_12.876_77.67,67,176.5,12.87559214925373,77.67080041641792,Electronic City,No Junction,20,29.9,2,0.186,65.66,4.199605072879594,18.2,466,Low
K.R. Pura_13.035_77.736,75,159.5,13.035782934666667,77.735837328,K.R. Pura,No Junction,25,33.3,2,0.208,66.35,4.209902902856373,18.2,467,Low
Electronic City_12.852_77.658,109,109.5,12.850962251376146,77.65744417798165,Electronic City,No Junction,0,0.0,2,0.302,66.14,4.206779991551889,18.2,468,Low
Sheshadripuram_12.993_77.571,92,127.0,12.99271244347826,77.57169008369566,Sheshadripuram,No Junction,72,78.3,2,0.255,64.77,4.186163807313259,18.1,469,Low
Byatarayanapura_12.939_77.523,64,180.5,12.9394472171875,77.523537284375,Byatarayanapura,No Junction,26,40.6,2,0.178,64.26,4.178379291165174,18.0,470,Low
Mahadevapura_12.984_77.709,66,172.5,12.98423297878788,77.70837553333334,Mahadevapura,No Junction,38,57.6,2,0.183,63.14,4.161068194265009,17.9,471,Low
Bellandur_12.918000000000001_77.67,82,139.0,12.918387596341462,77.67030250365853,Bellandur,No Junction,32,39.0,2,0.228,63.38,4.164803025870662,17.9,472,Low
HSR Layout_12.924_77.652,82,139.0,12.923018293548797,77.65149533741057,HSR Layout,No Junction,59,72.0,2,0.228,63.38,4.164803025870662,17.9,473,Low
Halasur_12.981_77.631,72,156.0,12.980938881931623,77.630368623404,Halasur,No Junction,49,68.1,2,0.2,62.4,4.14946386144318,17.8,474,Low
Rajajinagar_13.02_77.538,57,195.5,13.019789226315789,77.53812631929824,Rajajinagar,No Junction,36,63.2,2,0.158,61.78,4.139636551413807,17.7,475,Low
Yeshwanthpura_13.02_77.553,65,171.0,13.01959553076923,77.55294929846154,Yeshwanthpura,No Junction,4,6.2,2,0.18,61.56,4.136126096237056,17.7,476,Low
HAL Old Airport_12.927_77.682,65,166.5,12.928025609230769,77.68171753846154,HAL Old Airport,No Junction,36,55.4,2,0.18,59.94,4.109889773557563,17.5,477,Low
Kodigehalli_13.041_77.589,69,154.5,13.04043213768116,77.58955908550725,Kodigehalli,No Junction,36,52.2,2,0.191,59.02,4.0946778400122215,17.4,478,Low
Hebbala_13.038_77.589,83,129.0,13.037588771084337,77.58958248674698,Hebbala,No Junction,46,55.4,2,0.23,59.34,4.099995233730915,17.4,479,Low
Jeevanbheemanagar_12.957_77.646,68,155.0,12.958072683823529,77.64506857205883,Jeevanbheemanagar,No Junction,37,54.4,2,0.189,58.59,4.087487774758888,17.3,480,Low
Adugodi_12.927_77.634,79,131.5,12.926714360759494,77.63338253164557,Adugodi,No Junction,64,81.0,2,0.219,57.6,4.070734696582967,17.2,481,Low
Magadi Road_12.966000000000001_77.547,71,144.0,12.96675582394366,77.54742704788733,Magadi Road,No Junction,17,23.9,2,0.197,56.74,4.055950174234789,17.1,482,Low
BTP134 - Mico Bande,49,139.5,12.945696853061223,77.6025479367347,Adugodi,BTP134 - Mico Bande,22,44.9,3,0.136,56.92,4.059062748077461,17.1,483,Low
Jalahalli_13.056000000000001_77.535,71,143.0,13.055029132394365,77.53482239014085,Jalahalli,No Junction,32,45.1,2,0.197,56.34,4.048998460455224,17.0,484,Low
BTP053 - Three Let Junction,51,131.5,12.983894015686275,77.58177205098039,High ground,BTP053 - Three Let Junction,33,64.7,3,0.142,56.02,4.043402083484526,17.0,485,Low
Yelahanka_13.122_77.61,58,174.0,13.12198700862069,77.61082505862068,Yelahanka,No Junction,17,29.3,2,0.161,56.03,4.043577445168448,17.0,486,Low
Pulikeshinagar(F.Town)_12.993_77.613,71,140.5,12.99257665915493,77.6121195,Pulikeshinagar(F.Town),No Junction,32,45.1,2,0.197,55.36,4.03175968703048,16.9,487,Low
Wilson Garden_12.945_77.589,96,104.5,12.946248627083333,77.58801718229167,Wilson Garden,No Junction,20,20.8,2,0.266,55.59,4.035832291154432,16.9,488,Low
Banaswadi_12.981_77.652,79,123.5,12.9801645,77.65210812405063,Banaswadi,No Junction,45,57.0,2,0.219,54.09,4.008968211484625,16.7,489,Low
Kodigehalli_13.074_77.589,75,129.0,13.072669005333333,77.58980354266667,Kodigehalli,No Junction,65,86.7,2,0.208,53.66,4.001132180499922,16.7,490,Low
HSR Layout_12.915000000000001_77.637,84,114.5,12.915343856595287,77.63805125316993,HSR Layout,No Junction,41,48.8,2,0.233,53.36,3.995628589282943,16.6,491,Low
Thalagattapura_12.876_77.544,72,133.0,12.875967630807702,77.54406795310483,Thalagattapura,No Junction,46,63.9,2,0.2,53.2,3.9926809084456005,16.6,492,Low
Bellandur_12.924_77.67,60,161.0,12.923098068333333,77.67015585,Bellandur,No Junction,24,40.0,2,0.166,53.45,3.9972828493789696,16.6,493,Low
Byatarayanapura_12.957_77.517,94,100.5,12.956245210638299,77.51839682340425,Byatarayanapura,No Junction,13,13.8,2,0.261,52.46,3.978933710710773,16.5,494,Low
Electronic City_12.870000000000001_77.658,61,154.5,12.870401847540984,77.65802957704918,Electronic City,No Junction,19,31.1,2,0.169,52.22,3.9744342655495433,16.5,495,Low
Kodigehalli_13.038_77.574,86,109.5,13.03714519883721,77.57460028953489,Kodigehalli,No Junction,45,52.3,2,0.239,52.34,3.9766865187538682,16.5,496,Low
Sadashivanagar_13.005_77.58,78,122.0,13.005739151282052,77.58025254358975,Sadashivanagar,No Junction,52,66.7,2,0.216,52.7,3.983413001514819,16.5,497,Low
Yeshwanthpura_13.035_77.559,78,119.5,13.03408093974359,77.55782076153845,Yeshwanthpura,No Junction,33,42.3,2,0.216,51.62,3.9630962756121466,16.4,498,Low
Pulikeshinagar(F.Town)_12.993_77.616,86,108.5,12.99440799767442,77.61567809186046,Pulikeshinagar(F.Town),No Junction,23,26.7,2,0.239,51.86,3.967646909176143,16.4,499,Low
BTP107 - National College Junction,73,84.0,12.948955050684932,77.57294951506849,V.V.Puram (C.Pet),BTP107 - National College Junction,23,31.5,3,0.203,51.16,3.9543159176183975,16.3,500,Low
HSR Layout_12.921000000000001_77.646,76,121.0,12.92050432368421,77.64510393552631,HSR Layout,No Junction,38,50.0,2,0.211,51.06,3.9523968995664194,16.3,501,Low
Kengeri_12.933_77.517,73,126.0,12.932273285536109,77.51587754744273,Kengeri,No Junction,39,53.4,2,0.203,51.16,3.9543159176183975,16.3,502,Low
Kodigehalli_13.059000000000001_77.589,77,117.5,13.059117518181818,77.58788401948051,Kodigehalli,No Junction,33,42.9,2,0.214,50.29,3.937495801401177,16.2,503,Low
K.R. Pura_13.002_77.676,69,132.0,13.000891951484695,77.67708206745799,K.R. Pura,No Junction,28,40.6,2,0.191,50.42,3.9400272018377436,16.2,504,Low
Rajajinagar_13.005_77.526,49,182.0,13.005018383673468,77.52658713469387,Rajajinagar,No Junction,17,34.7,2,0.136,49.5,3.9219733362813143,16.1,505,Low
Electronic City_12.84_77.652,57,156.5,12.840575398245615,77.65132735614034,Electronic City,No Junction,18,31.6,2,0.158,49.45,3.920982746799618,16.0,506,Low
Mahadevapura_12.993_77.718,65,134.5,12.993182376923077,77.71729130307692,Mahadevapura,No Junction,11,16.9,2,0.18,48.42,3.900355200560464,15.9,507,Low
K.R. Pura_13.008000000000001_77.691,56,156.0,13.007958604642857,77.69174133428571,K.R. Pura,No Junction,10,17.9,2,0.155,48.36,3.8991403795971324,15.9,508,Low
J.P. Nagar_12.882_77.595,72,121.5,12.881907705555555,77.59582591527777,J.P. Nagar,No Junction,44,61.1,2,0.2,48.6,3.903990833730882,15.9,509,Low
Pulikeshinagar(F.Town)_12.993_77.607,63,133.5,12.993245934920635,77.6071909857143,Pulikeshinagar(F.Town),No Junction,30,47.6,2,0.175,46.72,3.8653505972297153,15.6,510,Low
Whitefield_12.957_77.733,68,124.0,12.956398335294118,77.73221181617647,Whitefield,No Junction,44,64.7,2,0.189,46.87,3.8684890034044175,15.6,511,Low
Wilson Garden_12.945_77.586,68,124.0,12.944845277319969,77.58631578786901,Wilson Garden,No Junction,34,50.0,2,0.189,46.87,3.8684890034044175,15.6,512,Low
Bellandur_12.933_77.697,49,168.5,12.93179090612245,77.69598495306123,Bellandur,No Junction,43,87.8,2,0.136,45.83,3.8465240231954505,15.5,513,Low
HSR Layout_12.912_77.646,78,104.5,12.911831219230768,77.64491702820513,HSR Layout,No Junction,53,67.9,2,0.216,45.14,3.8316802527456075,15.4,514,Low
Devanahalli Airport_13.188_77.682,74,110.0,13.188675189189189,77.68059930540541,Devanahalli Airport,No Junction,13,17.6,2,0.205,45.1,3.8308129500026027,15.4,515,Low
Whitefield_12.957_77.718,61,133.0,12.955761022950819,77.71820982622951,Whitefield,No Junction,41,67.2,2,0.169,44.95,3.827553848801696,15.3,516,Low
Pulikeshinagar(F.Town)_12.99_77.61,79,100.5,12.989538920253164,77.60917473164558,Pulikeshinagar(F.Town),No Junction,18,22.8,2,0.219,44.02,3.8071068354785864,15.2,517,Low
K.R. Pura_13.026_77.721,52,152.5,13.026376003846154,77.72058755961538,K.R. Pura,No Junction,26,50.0,2,0.144,43.92,3.8048831298702424,15.2,518,Low
Whitefield_12.987_77.733,88,89.0,12.98643213409091,77.7336563659091,Whitefield,No Junction,33,37.5,2,0.244,43.43,3.7939149169478172,15.1,519,Low
HSR Layout_12.906_77.64,40,195.5,12.9058431925,77.63884450750001,HSR Layout,No Junction,16,40.0,2,0.111,43.4,3.7932394694381792,15.1,520,Low
HSR Layout_12.906_77.637,35,222.5,12.906522145714286,77.63702741428571,HSR Layout,No Junction,20,57.1,2,0.097,43.16,3.78781940196884,15.0,521,Low
Banaswadi_13.023_77.64,81,95.0,13.022248054320988,77.63977687777778,Banaswadi,No Junction,50,61.7,2,0.225,42.75,3.7784916128036232,15.0,522,Low
Malleshwaram_12.996_77.562,73,106.5,12.9966963630137,77.56232809726028,Malleshwaram,No Junction,64,87.7,2,0.203,43.24,3.7896293572140793,15.0,523,Low
"BTP114 - KR Road Junction, Near JSS",64,79.5,12.924224496361514,77.57491752140425,Banashankari,"BTP114 - KR Road Junction, Near JSS",43,67.2,3,0.178,42.45,3.7716108517114013,14.9,524,Low
BTP185 - RV Teachers College,57,89.5,12.94458577368421,77.58073809122807,Basavanagudi,BTP185 - RV Teachers College,37,64.9,3,0.158,42.42,3.7709201644501458,14.9,525,Low
Electronic City_12.885_77.643,58,132.5,12.885183591052312,77.642545534397,Electronic City,No Junction,17,29.3,2,0.161,42.66,3.7764323511217976,14.9,526,Low
Hebbala_13.041_77.589,72,105.0,13.040122790277778,77.5898282013889,Hebbala,No Junction,33,45.8,2,0.2,42.0,3.7612001156935624,14.8,527,Low
Mahadevapura_13.005_77.757,69,109.5,13.004766930837146,77.75693025127424,Mahadevapura,No Junction,48,69.6,2,0.191,41.83,3.7572387916272794,14.8,528,Low
Electronic City_12.870000000000001_77.652,63,120.0,12.869970002661265,77.65289176757057,Electronic City,No Junction,34,54.0,2,0.175,42.0,3.7612001156935624,14.8,529,Low
Peenya_13.041_77.517,51,144.5,13.040003339869282,77.51807068496731,Peenya,No Junction,9,17.6,2,0.142,41.04,3.7386215460087504,14.7,530,Low
R.T. Nagar_13.026_77.592,64,114.0,13.0250725390625,77.59265049375,R.T. Nagar,No Junction,24,37.5,2,0.178,40.58,3.727619282429867,14.6,531,Low
Halasur_12.981_77.613,66,110.0,12.979867165151514,77.6143164939394,Halasur,No Junction,58,87.9,2,0.183,40.26,3.7198935076431057,14.5,532,Low
Byatarayanapura_12.96_77.52,66,109.5,12.958970104545454,77.51912357424243,Byatarayanapura,No Junction,26,39.4,2,0.183,40.08,3.7155213850603572,14.5,533,Low
HSR Layout_12.909_77.646,80,90.5,12.909339662499999,77.64458685875,HSR Layout,No Junction,77,96.2,2,0.222,40.18,3.717952701599643,14.5,534,Low
Yelahanka_13.122_77.613,45,159.5,13.121640608888889,77.61307255111112,Yelahanka,No Junction,0,0.0,2,0.125,39.88,3.7106409458954492,14.4,535,Low
Adugodi_12.939_77.619,67,106.5,12.93952,77.61954105970149,Adugodi,No Junction,11,16.4,2,0.186,39.62,3.7042605561522386,14.4,536,Low
BTP006 - Navarang Bar Junction,47,100.0,12.990978136170211,77.55759593617022,Rajajinagar,BTP006 - Navarang Bar Junction,25,53.2,3,0.13,39.0,3.6888794541139363,14.3,537,Low
Jeevanbheemanagar_12.981_77.64,72,97.5,12.981272610201607,77.64058741575893,Jeevanbheemanagar,No Junction,12,16.7,2,0.2,39.0,3.6888794541139363,14.3,538,Low
Banaswadi_12.999_77.67,56,125.0,12.997828029338725,77.67057472857142,Banaswadi,No Junction,20,35.7,2,0.155,38.75,3.6826098411003407,14.2,539,Low
BTP128 - Gorappanapalya Junction,55,84.0,12.920460569090908,77.60040643272727,Mico Layout,BTP128 - Gorappanapalya Junction,11,20.0,3,0.153,38.56,3.6778185067545115,14.2,540,Low
Whitefield_12.969_77.751,65,106.5,12.96894857012733,77.74985632564169,Whitefield,No Junction,51,78.5,2,0.18,38.34,3.672241812960913,14.2,541,Low
Kodigehalli_13.047_77.571,62,111.5,13.047365867741934,77.57157314032258,Kodigehalli,No Junction,20,32.3,2,0.172,38.36,3.6727500721840527,14.2,542,Low
HSR Layout_12.897_77.634,49,141.0,12.897441854559506,77.63503018761106,HSR Layout,No Junction,28,57.1,2,0.136,38.35,3.6724959748634123,14.2,543,Low
Vijayanagara_12.966000000000001_77.544,79,87.0,12.966581262025318,77.5434455721519,Vijayanagara,No Junction,64,81.0,2,0.219,38.11,3.666378188767423,14.1,544,Low
HAL Old Airport_12.927_77.694,49,140.0,12.926640759183675,77.69475927755103,HAL Old Airport,No Junction,15,30.6,2,0.136,38.08,3.6656108271745818,14.1,545,Low
BTP141 - Palmgroove Junction,50,91.5,12.968292564,77.613494202,Halasur,BTP141 - Palmgroove Junction,20,40.0,3,0.139,38.16,3.6676558176623097,14.1,546,Low
Devanahalli Airport_13.245000000000001_77.712,69,98.0,13.244963966666667,77.71295423913043,Devanahalli Airport,No Junction,49,71.0,2,0.191,37.44,3.6490985841020915,14.0,547,Low
HSR Layout_12.903_77.631,35,189.0,12.903367505714286,77.63139246857142,HSR Layout,No Junction,11,31.4,2,0.097,36.67,3.62886402170395,13.8,548,Low
Hulimavu_12.882_77.643,50,129.0,12.882021956,77.64349193999999,Hulimavu,No Junction,15,30.0,2,0.139,35.86,3.607126952241677,13.7,549,Low
Mahadevapura_13.002_77.757,59,110.5,13.002323527844055,77.75721711409793,Mahadevapura,No Junction,54,91.5,2,0.164,36.24,3.617383452408866,13.7,550,Low
Rajajinagar_13.005_77.529,41,151.0,13.005188336585364,77.52823770487805,Rajajinagar,No Junction,10,24.4,2,0.114,34.43,3.5675589188773804,13.4,551,Low
Hennuru_13.083_77.637,69,91.0,13.083550260869565,77.6376017942029,Hennuru,No Junction,4,5.8,2,0.191,34.76,3.576829950305313,13.4,552,Low
Kamakshipalya_12.984_77.529,66,92.5,12.983858737611934,77.52896611914163,Kamakshipalya,No Junction,23,34.8,2,0.183,33.85,3.551053137206533,13.2,553,Low
Mahadevapura_12.987_77.736,78,78.5,12.987642962820512,77.73509408846154,Mahadevapura,No Junction,30,38.5,2,0.216,33.91,3.5527733211169448,13.2,554,Low
HSR Layout_12.915000000000001_77.652,72,84.0,12.91574979861111,77.65172159305556,HSR Layout,No Junction,43,59.7,2,0.2,33.6,3.543853682063679,13.2,555,Low
Pulikeshinagar(F.Town)_12.999_77.619,67,90.5,12.999512888059702,77.61897354179104,Pulikeshinagar(F.Town),No Junction,16,23.9,2,0.186,33.67,3.545874759696932,13.2,556,Low
Halasur_12.981_77.628,58,103.5,12.980771212068966,77.62865598965517,Halasur,No Junction,48,82.8,2,0.161,33.33,3.5360196074696004,13.1,557,Low
R.T. Nagar_13.005_77.592,62,96.5,13.005973833870966,77.59320711129031,R.T. Nagar,No Junction,16,25.8,2,0.172,33.2,3.5322256440685598,13.1,558,Low
Bellandur_12.93_77.679,48,124.0,12.92930193125,77.67952644583333,Bellandur,No Junction,22,45.8,2,0.133,32.98,3.525772116243786,13.0,559,Low
BTP187 - South End Circle,56,71.0,12.937437009438865,77.58186328855274,Wilson Garden,BTP187 - South End Circle,36,64.3,3,0.155,33.02,3.5269485869677157,13.0,560,Low
Sheshadripuram_12.987_77.571,74,78.5,12.988067382432433,77.57230389189189,Sheshadripuram,No Junction,30,40.5,2,0.205,32.18,3.5019472847622986,12.9,561,Low
K.R. Pura_13.053_77.763,42,138.0,13.053555083333332,77.76197609761905,K.R. Pura,No Junction,23,54.8,2,0.117,32.29,3.5052570515869337,12.9,562,Low
Halasur_12.972_77.631,59,99.0,12.971792806779662,77.63053926440678,Halasur,No Junction,3,5.1,2,0.164,32.47,3.510649515223235,12.9,563,Low
HAL Old Airport_12.954_77.7,53,109.0,12.952989827598952,77.70011638195263,HAL Old Airport,No Junction,16,30.2,2,0.147,32.05,3.498021566297695,12.8,564,Low
Sheshadripuram_12.984_77.574,56,102.5,12.985375905357143,77.57436880892858,Sheshadripuram,No Junction,17,30.4,2,0.155,31.78,3.4898185733156835,12.8,565,Low
Bellandur_12.903_77.676,57,99.5,12.903018803508772,77.67585579649122,Bellandur,No Junction,23,40.4,2,0.158,31.44,3.479392229247212,12.7,566,Low
Mahadevapura_12.987_77.709,49,116.0,12.987017832653061,77.70900728571428,Mahadevapura,No Junction,27,55.1,2,0.136,31.55,3.4827773686545784,12.7,567,Low
K.S. Layout_12.912_77.553,55,102.5,12.911538145223453,77.5521300086596,K.S. Layout,No Junction,6,10.9,2,0.153,31.36,3.4769230921902907,12.7,568,Low
Shivajinagar_12.99_77.604,56,100.5,12.989729800000001,77.60337539285715,Shivajinagar,No Junction,7,12.5,2,0.155,31.16,3.4707234443107655,12.6,569,Low
R.T. Nagar_13.023_77.595,58,97.0,13.024306087931034,77.5939308775862,R.T. Nagar,No Junction,15,25.9,2,0.161,31.23,3.4728976958273465,12.6,570,Low
Jnanabharathi_12.975_77.508,59,94.0,12.974053550847458,77.50904052542373,Jnanabharathi,No Junction,21,35.6,2,0.164,30.83,3.4604092412940015,12.5,571,Low
Rajajinagar_13.011000000000001_77.544,61,91.0,13.010544462295082,77.54370106557377,Rajajinagar,No Junction,24,39.3,2,0.169,30.76,3.458207636378935,12.5,572,Low
Jeevanbheemanagar_12.972_77.649,62,88.5,12.971203754819303,77.64825510496222,Jeevanbheemanagar,No Junction,40,64.5,2,0.172,30.44,3.448080967561006,12.4,573,Low
Electronic City_12.84_77.643,37,147.5,12.840986672972972,77.64411692972973,Electronic City,No Junction,3,8.1,2,0.103,30.38,3.4461707473048864,12.4,574,Low
K.S. Layout_12.906_77.544,55,97.0,12.90602590666904,77.54341874013313,K.S. Layout,No Junction,13,23.6,2,0.153,29.68,3.4236109764990554,12.3,575,Low
Chikkajala_13.185_77.691,58,93.0,13.184223477586208,77.6902501362069,Chikkajala,No Junction,11,19.0,2,0.161,29.95,3.432372999130605,12.3,576,Low
Chikkabanavara_13.044_77.508,61,88.5,13.045331463934426,77.50815146065574,Chikkabanavara,No Junction,41,67.2,2,0.169,29.91,3.431079756144025,12.3,577,Low
No Police Station_13.059000000000001_77.46600000000001,44,122.5,13.058679065909091,77.46638635681819,No Police Station,No Junction,18,40.9,2,0.122,29.89,3.43043250693049,12.3,578,Low
Cubbon Park_12.975_77.598,63,84.0,12.975894853968255,77.59928951587302,Cubbon Park,No Junction,53,84.1,2,0.175,29.4,3.414442608412176,12.2,579,Low
Hennuru_13.047_77.628,65,80.5,13.04592224,77.62733834923077,Hennuru,No Junction,22,33.8,2,0.18,28.98,3.4005304926744517,12.1,580,Low
Yeshwanthpura_13.029_77.562,47,112.0,13.028812560235206,77.5619943029671,Yeshwanthpura,No Junction,16,34.0,2,0.13,29.12,3.405189402931693,12.1,581,Low
Hebbala_13.05_77.595,67,78.5,13.049900840298507,77.59370680895523,Hebbala,No Junction,19,28.4,2,0.186,29.2,3.407841924380824,12.1,582,Low
BTP158 - Devegowda Petrol Bunk,45,78.0,12.921245118184277,77.56029589125625,Banashankari,BTP158 - Devegowda Petrol Bunk,16,35.6,3,0.125,29.25,3.4094961844768505,12.1,583,Low
Kodigehalli_13.029_77.58,57,92.5,13.02890744385965,77.58059674210526,Kodigehalli,No Junction,44,77.2,2,0.158,29.23,3.408834808791367,12.1,584,Low
Kengeri_12.915000000000001_77.481,55,93.0,12.914401690699059,77.48129398159736,Kengeri,No Junction,26,47.3,2,0.153,28.46,3.3830334110344844,11.9,585,Low
Yelahanka_13.119_77.61,37,135.0,13.119858416216216,77.60995579729729,Yelahanka,No Junction,2,5.4,2,0.103,27.81,3.360722549096437,11.8,586,Low
Whitefield_12.939_77.748,60,82.5,12.938308123333334,77.74685624833334,Whitefield,No Junction,33,55.0,2,0.166,27.39,3.34603697048488,11.7,587,Low
BTP142 - Lower Agram Road Junction,33,98.0,12.961824142424243,77.61549586666666,Ashok Nagar,BTP142 - Lower Agram Road Junction,1,3.0,3,0.092,27.05,3.3339886319687055,11.6,588,Low
Chikkabanavara_13.047_77.508,57,85.5,13.045641680701754,77.50736105964913,Chikkabanavara,No Junction,27,47.4,2,0.158,27.02,3.332918540908861,11.6,589,Low
HSR Layout_12.912_77.652,66,73.5,12.912029877272728,77.65165117121212,HSR Layout,No Junction,45,68.2,2,0.183,26.9,3.32862668882732,11.5,590,Low
Jalahalli_13.068_77.529,59,81.5,13.068661418644067,77.53008553898304,Jalahalli,No Junction,6,10.2,2,0.164,26.73,3.322514859627687,11.5,591,Low
Yeshwanthpura_13.017_77.556,44,108.0,13.016637286363636,77.55633347954546,Yeshwanthpura,No Junction,26,59.1,2,0.122,26.35,3.3087165288679903,11.4,592,Low
J.P. Nagar_12.9_77.586,55,85.0,12.900333872727273,77.58586136545455,J.P. Nagar,No Junction,10,18.2,2,0.153,26.01,3.2962071678045244,11.3,593,Low
City Market_12.969_77.58,59,79.5,12.968714562711865,77.57910613559322,City Market,No Junction,33,55.9,2,0.164,26.08,3.298795448044074,11.3,594,Low
Madiwala_12.897_77.634,42,111.5,12.8976903,77.63434384761905,Madiwala,No Junction,19,45.2,2,0.117,26.09,3.2991646560970036,11.3,595,Low
Chamarajpet_12.969_77.568,41,111.0,12.968883568292684,77.5679945,Chamarajpet,No Junction,13,31.7,2,0.114,25.31,3.269949095052201,11.1,596,Low
HAL Old Airport_12.957_77.712,40,113.5,12.956152280000001,77.7116769675,HAL Old Airport,No Junction,22,55.0,2,0.111,25.2,3.265759410767051,11.1,597,Low
Kamakshipalya_13.014000000000001_77.493,43,106.0,13.01412794883721,77.49248785813954,Kamakshipalya,No Junction,15,34.9,2,0.119,25.23,3.2669037938787824,11.1,598,Low
K.R. Pura_13.005_77.724,62,72.5,13.003560441935484,77.72347133709677,K.R. Pura,No Junction,9,14.5,2,0.172,24.94,3.255786178888298,11.0,599,Low
K.S. Layout_12.894_77.568,53,85.5,12.89392157735849,77.56790268867924,K.S. Layout,No Junction,21,39.6,2,0.147,25.14,3.2634667081960758,11.0,600,Low
Vijayanagara_12.963000000000001_77.544,59,75.0,12.964274879661017,77.54286164576271,Vijayanagara,No Junction,23,39.0,2,0.164,24.6,3.242592351485517,10.9,601,Low
Adugodi_12.939_77.625,55,80.5,12.939241992727274,77.62569485454546,Adugodi,No Junction,17,30.9,2,0.153,24.63,3.24376354037598,10.9,602,Low
Jalahalli_13.059000000000001_77.547,51,85.5,13.058309064705881,77.54615855490196,Jalahalli,No Junction,28,54.9,2,0.142,24.28,3.2300135692786567,10.8,603,Low
Banaswadi_12.999_77.673,45,96.0,12.998850162222222,77.67288881555555,Banaswadi,No Junction,9,20.0,2,0.125,24.0,3.2188758248682006,10.7,604,Low
Pulikeshinagar(F.Town)_13.008000000000001_77.622,49,88.5,13.007089424489795,77.62161896734695,Pulikeshinagar(F.Town),No Junction,18,36.7,2,0.136,24.07,3.221671912170202,10.7,605,Low
Hulimavu_12.879_77.646,46,92.5,12.879512691304347,77.64550869782609,Hulimavu,No Junction,18,39.1,2,0.128,23.68,3.205993199037187,10.6,606,Low
Basavanagudi_12.939_77.568,54,78.5,12.940089637037037,77.5666986074074,Basavanagudi,No Junction,24,44.4,2,0.15,23.55,3.2007118542405295,10.6,607,Low
Banaswadi_13.002_77.634,54,77.5,13.00227212094269,77.63354881858656,Banaswadi,No Junction,39,72.2,2,0.15,23.25,3.188416617383492,10.5,608,Low
Peenya_13.011000000000001_77.505,43,98.0,13.010752932558141,77.50598955813953,Peenya,No Junction,17,39.5,2,0.119,23.32,3.1912990570979662,10.5,609,Low
K.R. Pura_13.02_77.709,44,95.5,13.019504389927857,77.70876148423832,K.R. Pura,No Junction,14,31.8,2,0.122,23.3,3.190476350346503,10.5,610,Low
Kamakshipalya_12.999_77.49,55,76.5,12.999393350909092,77.48878055272728,Kamakshipalya,No Junction,17,30.9,2,0.153,23.41,3.1949928844048685,10.5,611,Low
HSR Layout_12.9_77.634,34,125.0,12.899884212233685,77.63360366084308,HSR Layout,No Junction,23,67.6,2,0.094,23.5,3.1986731175506815,10.5,612,Low
Yelahanka_13.083_77.547,40,104.0,13.081746100211177,77.54818519092028,Yelahanka,No Junction,21,52.5,2,0.111,23.09,3.18179681662678,10.4,613,Low
Shivajinagar_12.987_77.607,51,80.5,12.985585433534693,77.60618588292782,Shivajinagar,No Junction,31,60.8,2,0.142,22.86,3.17220341666977,10.3,614,Low
Thalagattapura_12.861_77.529,46,89.0,12.861487952173913,77.52969989782609,Thalagattapura,No Junction,7,15.2,2,0.128,22.78,3.1688448912626357,10.3,615,Low
Kodigehalli_13.026_77.577,48,84.0,13.027234708333333,77.57791057916667,Kodigehalli,No Junction,7,14.6,2,0.133,22.34,3.15016862685841,10.2,616,Low
HAL Old Airport_12.936_77.697,36,111.5,12.936456994444445,77.69746109166667,HAL Old Airport,No Junction,18,50.0,2,0.1,22.3,3.1484533605716547,10.2,617,Low
HSR Layout_12.915000000000001_77.631,42,94.5,12.91498259549245,77.63232680863487,HSR Layout,No Junction,20,47.6,2,0.117,22.11,3.1402654242862895,10.1,618,Low
Chikkabanavara_13.05_77.508,54,73.5,13.050139866666667,77.50773784074075,Chikkabanavara,No Junction,10,18.5,2,0.15,22.05,3.1376657694426577,10.1,619,Low
Chikkajala_13.182_77.682,45,89.0,13.183402397777778,77.68219908222221,Chikkajala,No Junction,6,13.3,2,0.125,22.25,3.1463051320333655,10.1,620,Low
No Police Station_13.053_77.487,41,96.5,13.052445091821285,77.48707388815382,No Police Station,No Junction,9,22.0,2,0.114,22.0,3.1354942159291497,10.1,621,Low
High ground_12.99_77.592,52,77.0,12.989576855769231,77.59280913269231,High ground,No Junction,44,84.6,2,0.144,22.18,3.1432898379116057,10.1,622,Low
HSR Layout_12.894_77.637,42,94.0,12.894300488909288,77.63742800440846,HSR Layout,No Junction,5,11.9,2,0.117,22.0,3.1354942159291497,10.1,623,Low
Mico Layout_12.924_77.61,34,116.5,12.92397954117647,77.60951556764705,Mico Layout,No Junction,13,38.2,2,0.094,21.9,3.131136910560194,10.0,624,Low
K.G. Halli_13.032_77.622,39,100.5,13.031576151282051,77.62232114358974,K.G. Halli,No Junction,14,35.9,2,0.108,21.71,3.122805356117467,10.0,625,Low
Rajajinagar_13.014000000000001_77.529,37,105.0,13.014852943243245,77.52964502972974,Rajajinagar,No Junction,0,0.0,2,0.103,21.63,3.119276459645446,9.9,626,Low
Hulimavu_12.876_77.616,57,68.5,12.876032043859649,77.61658741929826,Hulimavu,No Junction,9,15.8,2,0.158,21.65,3.120159851929043,9.9,627,Low
Pulikeshinagar(F.Town)_12.999_77.616,51,75.0,12.9997014,77.61586479607843,Pulikeshinagar(F.Town),No Junction,6,11.8,2,0.142,21.3,3.104586678466073,9.8,628,Low
Sheshadripuram_12.993_77.568,39,96.5,12.99331061025641,77.56815213846153,Sheshadripuram,No Junction,33,84.6,2,0.108,20.84,3.083743150876704,9.7,629,Low
Adugodi_12.933_77.622,49,76.5,12.933150902040817,77.62273526530612,Adugodi,No Junction,34,69.4,2,0.136,20.81,3.0823685802135374,9.7,630,Low
Wilson Garden_12.951_77.598,48,78.5,12.950913906250001,77.59820131666667,Wilson Garden,No Junction,28,58.3,2,0.133,20.88,3.0855729775537806,9.7,631,Low
Mahadevapura_13.008000000000001_77.757,45,82.5,13.00714494,77.75728510666667,Mahadevapura,No Junction,24,53.3,2,0.125,20.62,3.073618812211062,9.6,632,Low
Kodigehalli_13.029_77.586,32,116.0,13.028681790625,77.586198496875,Kodigehalli,No Junction,25,78.1,2,0.089,20.65,3.075005454448499,9.6,633,Low
Byatarayanapura_12.948_77.523,39,96.0,12.948570987179487,77.52339566410257,Byatarayanapura,No Junction,10,25.6,2,0.108,20.74,3.0791538816930633,9.6,634,Low
Pulikeshinagar(F.Town)_13.002_77.616,55,65.5,13.001037185454544,77.61525684727272,Pulikeshinagar(F.Town),No Junction,27,49.1,2,0.153,20.04,3.046425387869509,9.4,635,Low
HAL Old Airport_12.969_77.715,34,104.0,12.967605597058824,77.7154178617647,HAL Old Airport,No Junction,12,35.3,2,0.094,19.55,3.022860940942244,9.2,636,Low
Kodigehalli_13.068_77.58,41,86.0,13.067793034146343,77.58038240243903,Kodigehalli,No Junction,12,29.3,2,0.114,19.61,3.0257763949023677,9.2,637,Low
Hulimavu_12.885_77.598,51,69.0,12.884231544467111,77.59803837222137,Hulimavu,No Junction,22,43.1,2,0.142,19.6,3.0252910757955354,9.2,638,Low
Kengeri_12.912_77.481,45,77.5,12.911467343359773,77.48037128508399,Kengeri,No Junction,26,57.8,2,0.125,19.38,3.0145540277945786,9.1,639,Low
K.G. Halli_13.032_77.628,39,89.5,13.03292182051282,77.62737973333334,K.G. Halli,No Junction,1,2.6,2,0.108,19.33,3.012097627640255,9.1,640,Low
Kodigehalli_13.038_77.589,36,95.5,13.038093197222222,77.58917528055557,Kodigehalli,No Junction,10,27.8,2,0.1,19.1,3.0007198150650303,9.0,641,Low
Ashok Nagar_12.948_77.628,34,100.5,12.948401052941177,77.62768002058823,Ashok Nagar,No Junction,5,14.7,2,0.094,18.89,2.9902170928658807,8.9,642,Low
HAL Old Airport_12.975_77.712,30,113.0,12.974976936666668,77.7111012,HAL Old Airport,No Junction,3,10.0,2,0.083,18.76,2.983659692319722,8.9,643,Low
BTP077 - Halasuru Gate Junction,30,74.0,12.966806766666668,77.58703611,Halasuru Gate,BTP077 - Halasuru Gate Junction,22,73.3,3,0.083,18.43,2.9668182633893485,8.8,644,Low
Mico Layout_12.912_77.604,47,71.0,12.913465189361704,77.60414917659574,Mico Layout,No Junction,23,48.9,2,0.13,18.46,2.968361076757859,8.8,645,Low
HSR Layout_12.912_77.643,51,64.5,12.911936911764707,77.6441325254902,HSR Layout,No Junction,26,51.0,2,0.142,18.32,2.961140828784372,8.7,646,Low
Whitefield_12.987_77.745,54,61.0,12.985695757407408,77.74560749814815,Whitefield,No Junction,40,74.1,2,0.15,18.3,2.9601050959108397,8.7,647,Low
Sadashivanagar_12.999_77.583,54,61.0,12.999171288888888,77.58338527037037,Sadashivanagar,No Junction,48,88.9,2,0.15,18.3,2.9601050959108397,8.7,648,Low
Bellandur_12.909_77.685,44,73.5,12.910276750000001,77.68576017272727,Bellandur,No Junction,27,61.4,2,0.122,17.93,2.9407479652212314,8.6,649,Low
Hulimavu_12.858_77.589,39,83.0,12.857700360700948,77.58913113888642,Hulimavu,No Junction,17,43.6,2,0.108,17.93,2.9407479652212314,8.6,650,Low
Yelahanka_13.122_77.622,34,95.5,13.121610720588237,77.62207967941175,Yelahanka,No Junction,2,5.9,2,0.094,17.95,2.9418039315284354,8.6,651,Low
Shivajinagar_12.981_77.616,46,70.5,12.980937308695653,77.61470939782609,Shivajinagar,No Junction,33,71.7,2,0.128,18.05,2.94706710157271,8.6,652,Low
R.T. Nagar_12.999_77.598,44,72.5,12.999556375,77.59708025909092,R.T. Nagar,No Junction,11,25.0,2,0.122,17.69,2.9279886214674717,8.5,653,Low
Peenya_13.038_77.52,31,103.5,13.038799290322581,77.51984043225806,Peenya,No Junction,5,16.1,2,0.086,17.8,2.9338568698359038,8.5,654,Low
Mahadevapura_12.996_77.7,37,86.0,12.994728906456928,77.6988620019562,Mahadevapura,No Junction,25,67.6,2,0.103,17.72,2.929592471049446,8.5,655,Low
K.S. Layout_12.906_77.541,37,84.5,12.906186349846076,77.54180296447086,K.S. Layout,No Junction,7,18.9,2,0.103,17.41,2.9128939952449864,8.4,656,Low
K.G. Halli_13.032_77.625,35,90.5,13.032217031428571,77.62399873428572,K.G. Halli,No Junction,17,48.6,2,0.097,17.56,2.9210087273580543,8.4,657,Low
Yelahanka_13.122_77.619,35,90.0,13.121362197142856,77.6187066742857,Yelahanka,No Junction,1,2.9,2,0.097,17.46,2.9156062290747062,8.4,658,Low
Hennuru_13.059000000000001_77.652,44,71.5,13.060256950000001,77.6520858090909,Hennuru,No Junction,17,38.6,2,0.122,17.45,2.915064370486536,8.4,659,Low
Yelahanka_13.122_77.616,35,90.5,13.12119278,77.61613384571429,Yelahanka,No Junction,2,5.7,2,0.097,17.56,2.9210087273580543,8.4,660,Low
Hebbala_13.056000000000001_77.595,53,58.5,13.055872327733887,77.59411474703968,Hebbala,No Junction,11,20.8,2,0.147,17.2,2.9014215940827497,8.3,661,Low
"BTP164 - 29th Main Road, BTM Layout",42,48.5,12.916027286041107,77.61535643491827,Mico Layout,"BTP164 - 29th Main Road, BTM Layout",11,26.2,3,0.117,17.02,2.8914822521801917,8.2,662,Low
HSR Layout_12.912_77.628,33,92.0,12.910851690909091,77.62677404242424,HSR Layout,No Junction,11,33.3,2,0.092,16.93,2.8864752876170416,8.2,663,Low
Kodigehalli_13.035_77.574,50,61.5,13.035865636,77.575024882,Kodigehalli,No Junction,49,98.0,2,0.139,17.1,2.89591193827178,8.2,664,Low
Cubbon Park_12.975_77.601,43,72.0,12.975770174418603,77.60041931860465,Cubbon Park,No Junction,34,79.1,2,0.119,17.14,2.8981194446869907,8.2,665,Low
Vijayanagara_12.969_77.544,53,57.5,12.968185616981133,77.5452232981132,Vijayanagara,No Junction,31,58.5,2,0.147,16.9,2.884800712846709,8.1,666,Low
Mahadevapura_12.978_77.709,36,83.5,12.978599377777778,77.70991009722222,Mahadevapura,No Junction,3,8.3,2,0.1,16.7,2.8735646395797834,8.1,667,Low
Mahadevapura_12.999_77.694,39,76.5,12.99812911025641,77.69305073333332,Mahadevapura,No Junction,0,0.0,2,0.108,16.52,2.8633430855082453,8.0,668,Low
Mahadevapura_12.975_77.697,35,85.5,12.97537578362575,77.69747732478251,Mahadevapura,No Junction,28,80.0,2,0.097,16.59,2.8673305587494666,8.0,669,Low
Mahadevapura_12.99_77.712,41,73.0,12.989266757127222,77.71199510650474,Mahadevapura,No Junction,20,48.8,2,0.114,16.64,2.8701690505786455,8.0,670,Low
Electronic City_12.837_77.679,32,91.5,12.8358863375,77.679045115625,Electronic City,No Junction,2,6.2,2,0.089,16.29,2.850128299695199,7.9,671,Low
Hennuru_13.05_77.631,53,55.0,13.050098813207548,77.63025012641508,Hennuru,No Junction,5,9.4,2,0.147,16.17,2.843163674909384,7.8,672,Low
BTP035 - Basaweshwara Circle (LH) Junction,36,54.0,12.984610472222222,77.58816219444445,High ground,BTP035 - Basaweshwara Circle (LH) Junction,19,52.8,3,0.1,16.2,2.8449093838194073,7.8,673,Low
Whitefield_12.984_77.751,48,60.5,12.98319443125,77.75206688749999,Whitefield,No Junction,41,85.4,2,0.133,16.09,2.8384934971274993,7.8,674,Low
Sheshadripuram_12.996_77.58,42,68.5,12.996553521428572,77.58019459285714,Sheshadripuram,No Junction,27,64.3,2,0.117,16.03,2.834976494674597,7.8,675,Low
Jeevanbheemanagar_12.984_77.64,42,69.0,12.983909508413516,77.64064432564047,Jeevanbheemanagar,No Junction,4,9.5,2,0.117,16.15,2.8419981736119486,7.8,676,Low
Mahadevapura_13.002_77.724,48,59.5,13.003344852083332,77.72352028541667,Mahadevapura,No Junction,19,39.6,2,0.133,15.83,2.8231630082027146,7.7,677,Low
Jeevanbheemanagar_12.96_77.661,37,77.0,12.958934722706834,77.66025623208175,Jeevanbheemanagar,No Junction,15,40.5,2,0.103,15.86,2.8249439525737094,7.7,678,Low
Jalahalli_13.047_77.541,34,83.0,13.0466801,77.54194047352941,Jalahalli,No Junction,4,11.8,2,0.094,15.6,2.8094026953624973,7.6,679,Low
Peenya_13.035_77.514,36,77.0,13.035553805555557,77.51394770740741,Peenya,No Junction,26,72.2,2,0.1,15.4,2.797281334830153,7.5,680,Low
Halasur_12.972_77.613,37,75.5,12.973268351351352,77.61374081621621,Halasur,No Junction,13,35.1,2,0.103,15.55,2.806386101823072,7.5,681,Low
Thalagattapura_12.870000000000001_77.538,37,75.0,12.870089981081081,77.53749991351351,Thalagattapura,No Junction,14,37.8,2,0.103,15.45,2.800325477211381,7.5,682,Low
HAL Old Airport_12.96_77.718,34,81.5,12.961019020588235,77.71661280294117,HAL Old Airport,No Junction,13,38.2,2,0.094,15.32,2.792391349535961,7.4,683,Low
Bellandur_12.924_77.694,36,76.0,12.924781836111112,77.69491421666666,Bellandur,No Junction,7,19.4,2,0.1,15.2,2.785011242238338,7.4,684,Low
Yeshwanthpura_13.032_77.538,40,69.0,13.03058064,77.5366405075,Yeshwanthpura,No Junction,22,55.0,2,0.111,15.32,2.792391349535961,7.4,685,Low
Kamakshipalya_12.99_77.499,50,54.5,12.98919229422021,77.50026324579527,Kamakshipalya,No Junction,31,62.0,2,0.139,15.15,2.7819200496686656,7.4,686,Low
Electronic City_12.876_77.649,34,81.5,12.875561905882352,77.64866633235295,Electronic City,No Junction,1,2.9,2,0.094,15.32,2.792391349535961,7.4,687,Low
Whitefield_12.984_77.745,52,52.0,12.985214913461537,77.74570248076924,Whitefield,No Junction,45,86.5,2,0.144,14.98,2.7713379403381286,7.3,688,Low
Whitefield_12.96_77.715,34,79.5,12.95902243235294,77.7162021882353,Whitefield,No Junction,30,88.2,2,0.094,14.95,2.7694588292308535,7.3,689,Low
Electronic City_12.888_77.64,32,84.5,12.887987590676985,77.64095534628407,Electronic City,No Junction,5,15.6,2,0.089,15.04,2.7750856024383683,7.3,690,Low
Mico Layout_12.93_77.61,31,87.5,12.929129387096774,77.60940825483871,Mico Layout,No Junction,8,25.8,2,0.086,15.05,2.775708849576025,7.3,691,Low
Halasur_12.972_77.628,44,61.0,12.972159595454544,77.62730813181818,Halasur,No Junction,13,29.5,2,0.122,14.88,2.7650604558189897,7.2,692,Low
Wilson Garden_12.942_77.586,38,70.0,12.941781578947367,77.58517348947369,Wilson Garden,No Junction,27,71.1,2,0.105,14.7,2.7536607123542622,7.1,693,Low
Bellandur_12.909_77.688,34,76.5,12.909633214705883,77.68751705294119,Bellandur,No Junction,28,82.4,2,0.094,14.38,2.733067964077498,7.0,694,Low
Bellandur_12.915000000000001_77.676,37,69.5,12.914068932432432,77.67732711891891,Bellandur,No Junction,21,56.8,2,0.103,14.32,2.729159164312445,7.0,695,Low
Chikkabanavara_13.05_77.499,49,53.0,13.048781378163266,77.49818545265306,Chikkabanavara,No Junction,37,75.5,2,0.136,14.42,2.7356653681351832,7.0,696,Low
Kengeri_12.918000000000001_77.499,51,51.0,12.917050117647058,77.50018557647059,Kengeri,No Junction,39,76.5,2,0.142,14.48,2.739548868161581,7.0,697,Low
Hulimavu_12.891_77.64,34,75.5,12.890563129411765,77.63871153823528,Hulimavu,No Junction,8,23.5,2,0.094,14.19,2.7206373166076814,6.9,698,Low
Basavanagudi_12.939_77.565,45,57.0,12.940148546618762,77.56577892617545,Basavanagudi,No Junction,20,44.4,2,0.125,14.25,2.7245795030534206,6.9,699,Low
Electronic City_12.84_77.679,50,50.5,12.839108868,77.677951708,Electronic City,No Junction,19,38.0,2,0.139,14.04,2.7107133185216936,6.8,700,Low
Jeevanbheemanagar_12.96_77.658,36,70.0,12.959264888888889,77.65720414722222,Jeevanbheemanagar,No Junction,13,36.1,2,0.1,14.0,2.70805020110221,6.8,701,Low
Sadashivanagar_13.029_77.577,41,61.5,13.027570636585365,77.57570909268293,Sadashivanagar,No Junction,16,39.0,2,0.114,14.02,2.7093826463359885,6.8,702,Low
R.T. Nagar_13.008000000000001_77.592,39,64.5,13.00724871025641,77.59252411794871,R.T. Nagar,No Junction,27,69.2,2,0.108,13.93,2.703372611551099,6.8,703,Low
HAL Old Airport_12.945_77.7,33,75.5,12.945449906060606,77.69860276060605,HAL Old Airport,No Junction,9,27.3,2,0.092,13.89,2.7006898466959175,6.7,704,Low
Yelahanka_13.116_77.577,41,59.5,13.116702209756097,77.5779994,Yelahanka,No Junction,5,12.2,2,0.114,13.57,2.6789646202071133,6.6,705,Low
Jeevanbheemanagar_12.981_77.646,38,64.5,12.980965805263159,77.64606358947368,Jeevanbheemanagar,No Junction,14,36.8,2,0.105,13.54,2.6769034721053733,6.6,706,Low
Banaswadi_12.984_77.679,31,78.5,12.98352319032258,77.6798470032258,Banaswadi,No Junction,5,16.1,2,0.086,13.5,2.6741486494265287,6.5,707,Low
Byatarayanapura_12.936_77.52,34,71.5,12.936840241176471,77.51951413235294,Byatarayanapura,No Junction,21,61.8,2,0.094,13.44,2.67000213346468,6.5,708,Low
Mahadevapura_12.996_77.691,31,78.5,12.996453450970618,77.69104125144484,Mahadevapura,No Junction,12,38.7,2,0.086,13.5,2.6741486494265287,6.5,709,Low
Electronic City_12.873000000000001_77.655,36,67.5,12.872950622222223,77.65420181944445,Electronic City,No Junction,30,83.3,2,0.1,13.5,2.6741486494265287,6.5,710,Low
Thalagattapura_12.873000000000001_77.541,36,67.0,12.874083894444444,77.54066556944446,Thalagattapura,No Junction,16,44.4,2,0.1,13.4,2.667228206581955,6.5,711,Low
Kamakshipalya_12.984_77.481,36,66.5,12.985357402777778,77.48011944166666,Kamakshipalya,No Junction,17,47.2,2,0.1,13.3,2.6602595372658615,6.4,712,Low
Mahadevapura_13.002_77.676,37,64.0,13.000527236676788,77.67743246975067,Mahadevapura,No Junction,14,37.8,2,0.103,13.18,2.6518325211039815,6.4,713,Low
HAL Old Airport_12.957_77.67,46,51.0,12.958240308695652,77.6688130826087,HAL Old Airport,No Junction,1,2.2,2,0.128,13.06,2.643333886382519,6.3,714,Low
K.R. Pura_13.056000000000001_77.763,45,52.0,13.054713417777778,77.76326967555555,K.R. Pura,No Junction,38,84.4,2,0.125,13.0,2.6390573296152584,6.3,715,Low
K.G. Halli_13.008000000000001_77.613,36,65.5,13.007940663888888,77.61292291111111,K.G. Halli,No Junction,11,30.6,2,0.1,13.1,2.6461747973841225,6.3,716,Low
Jalahalli_13.05_77.544,40,58.0,13.04906263,77.54332421000001,Jalahalli,No Junction,3,7.5,2,0.111,12.88,2.6304489550786583,6.2,717,Low
K.S. Layout_12.909_77.532,48,48.0,12.907917220614015,77.53281429018558,K.S. Layout,No Junction,35,72.9,2,0.133,12.77,2.6224923127405635,6.1,718,Low
Hebbala_13.032_77.589,37,62.0,13.033332462162162,77.58866496486486,Hebbala,No Junction,17,45.9,2,0.103,12.77,2.6224923127405635,6.1,719,Low
R.T. Nagar_13.026_77.589,45,50.5,13.025509562222222,77.58919812222223,R.T. Nagar,No Junction,24,53.3,2,0.125,12.62,2.611539300721366,6.1,720,Low
Rajajinagar_13.014000000000001_77.55,31,71.5,13.014088077419354,77.55093392580645,Rajajinagar,No Junction,9,29.0,2,0.086,12.3,2.5877640352277083,5.9,721,Low
Whitefield_12.957_77.745,31,71.5,12.956752441935484,77.74534648709678,Whitefield,No Junction,13,41.9,2,0.086,12.3,2.5877640352277083,5.9,722,Low
Whitefield_12.966000000000001_77.748,39,57.5,12.96602455897436,77.74916546666667,Whitefield,No Junction,33,84.6,2,0.108,12.42,2.5967461315435356,5.9,723,Low
K.R. Pura_13.014000000000001_77.7,31,71.0,13.013200867741936,77.69929018064516,K.R. Pura,No Junction,6,19.4,2,0.086,12.21,2.580974118534234,5.8,724,Low
Magadi Road_12.975_77.556,40,54.0,12.975487242677241,77.55724811130963,Magadi Road,No Junction,12,30.0,2,0.111,11.99,2.5641798306825083,5.7,725,Low
Madiwala_12.903_77.625,38,57.0,12.903255434210527,77.6253167,Madiwala,No Junction,27,71.1,2,0.105,11.97,2.5626389983283526,5.7,726,Low
Whitefield_12.957_77.73,30,72.0,12.956283294222054,77.73050741193074,Whitefield,No Junction,9,30.0,2,0.083,11.95,2.5610957881455465,5.7,727,Low
Mahadevapura_12.978_77.712,44,48.5,12.977955195454546,77.71289881590909,Mahadevapura,No Junction,44,100.0,2,0.122,11.83,2.551786178627545,5.6,728,Low
Cubbon Park_12.972_77.601,37,57.0,12.973123121621622,77.60028688918919,Cubbon Park,No Junction,19,51.4,2,0.103,11.74,2.5447466501440172,5.6,729,Low
Mahadevapura_12.981_77.709,31,66.5,12.98088490967742,77.70907222580645,Mahadevapura,No Junction,10,32.3,2,0.086,11.44,2.5209170873110334,5.4,730,Low
Yeshwanthpura_13.023_77.562,33,62.5,13.023037054545455,77.56291189393939,Yeshwanthpura,No Junction,28,84.8,2,0.092,11.5,2.5257286443082556,5.4,731,Low
Peenya_13.038_77.517,34,60.5,13.038635617647058,77.51819789411763,Peenya,No Junction,20,58.8,2,0.094,11.37,2.5152741864043966,5.3,732,Low
K.S. Layout_12.891_77.562,40,51.0,12.889722527500002,77.563314015,K.S. Layout,No Junction,22,55.0,2,0.111,11.32,2.511223958105374,5.3,733,Low
Mahadevapura_12.993_77.703,32,61.5,12.993632165625,77.703507384375,Mahadevapura,No Junction,29,90.6,2,0.089,10.95,2.4807312783775197,5.1,734,Low
HSR Layout_12.894_77.658,35,56.0,12.89451388128195,77.65724755682736,HSR Layout,No Junction,20,57.1,2,0.097,10.86,2.4731713935695794,5.0,735,Low
High ground_12.987_77.598,33,58.0,12.988456672727272,77.59867764545454,High ground,No Junction,18,54.5,2,0.092,10.67,2.4570214462984645,4.9,736,Low
Jalahalli_13.047_77.523,33,58.0,13.046346124242424,77.5225604060606,Jalahalli,No Junction,2,6.1,2,0.092,10.67,2.4570214462984645,4.9,737,Low
Malleshwaram_12.99_77.571,34,57.0,12.990664408823529,77.57154225882353,Malleshwaram,No Junction,22,64.7,2,0.094,10.72,2.4612967841488667,4.9,738,Low
Pulikeshinagar(F.Town)_12.996_77.607,35,55.5,12.995208588571428,77.60752117428571,Pulikeshinagar(F.Town),No Junction,13,37.1,2,0.097,10.77,2.4655539212721855,4.9,739,Low
Chikkajala_13.182_77.685,32,59.0,13.1831591875,77.683821784375,Chikkajala,No Junction,2,6.2,2,0.089,10.5,2.4423470353692043,4.8,740,Low
Chikkabanavara_13.041_77.52,35,54.5,13.040586342857143,77.5186522657143,Chikkabanavara,No Junction,21,60.0,2,0.097,10.57,2.448415541205585,4.8,741,Low
HAL Old Airport_12.966000000000001_77.703,32,59.0,12.966066914255668,77.70225298192283,HAL Old Airport,No Junction,20,62.5,2,0.089,10.5,2.4423470353692043,4.8,742,Low
Thalagattapura_12.879_77.544,36,53.0,12.879104669354602,77.54510124328644,Thalagattapura,No Junction,26,72.2,2,0.1,10.6,2.451005098112319,4.8,743,Low
Jeevanbheemanagar_12.969_77.652,37,51.0,12.96818338551654,77.65133446945946,Jeevanbheemanagar,No Junction,14,37.8,2,0.103,10.51,2.4432162227337915,4.8,744,Low
Hennuru_13.068_77.625,42,44.5,13.06880276904762,77.62591757619047,Hennuru,No Junction,15,35.7,2,0.117,10.41,2.4344901638739844,4.7,745,Low
Adugodi_12.936_77.622,35,52.5,12.935509108571429,77.62222658285714,Adugodi,No Junction,18,51.4,2,0.097,10.18,2.414126467726953,4.6,746,Low
Thalagattapura_12.873000000000001_77.538,31,57.5,12.8719051,77.53904503225806,Thalagattapura,No Junction,17,54.8,2,0.086,9.89,2.387844936944869,4.4,747,Low
Banaswadi_13.02_77.64,31,57.5,13.020480609677419,77.63927041612904,Banaswadi,No Junction,26,83.9,2,0.086,9.89,2.387844936944869,4.4,748,Low
Jalahalli_13.047_77.55,32,53.5,13.046085584375,77.54915888125,Jalahalli,No Junction,21,65.6,2,0.089,9.52,2.3532782073095637,4.1,749,Low
Sheshadripuram_12.987_77.568,32,52.5,12.987049134375,77.567987465625,Sheshadripuram,No Junction,26,81.2,2,0.089,9.34,2.336019869080283,4.0,750,Low
Jeevanbheemanagar_12.975_77.646,34,50.0,12.974976823529412,77.64611765882353,Jeevanbheemanagar,No Junction,25,73.5,2,0.094,9.4,2.341805806147327,4.0,751,Low
Banashankari_12.939_77.535,31,55.0,12.938484141935483,77.53368504516129,Banashankari,No Junction,7,22.6,2,0.086,9.46,2.347558458636777,4.0,752,Low
HAL Old Airport_12.933_77.694,31,55.0,12.931749306451612,77.69324639032259,HAL Old Airport,No Junction,24,77.4,2,0.086,9.46,2.347558458636777,4.0,753,Low
Whitefield_12.978_77.751,34,49.5,12.978755320588235,77.75130630294117,Whitefield,No Junction,20,58.8,2,0.094,9.31,2.333114298028869,3.9,754,Low
Yeshwanthpura_13.029_77.544,36,46.5,13.02755551388889,77.5428147,Yeshwanthpura,No Junction,23,63.9,2,0.1,9.3,2.33214389523559,3.9,755,Low
HSR Layout_12.918000000000001_77.637,35,47.5,12.91688675142857,77.63812751428571,HSR Layout,No Junction,7,20.0,2,0.097,9.22,2.3243465847755584,3.9,756,Low
Mahadevapura_12.99_77.688,35,47.0,12.990529643315007,77.68794231121686,Mahadevapura,No Junction,32,91.4,2,0.097,9.12,2.3145136638593193,3.8,757,Low
Yeshwanthpura_13.032_77.565,33,49.5,13.032145651515151,77.56385587575757,Yeshwanthpura,No Junction,10,30.3,2,0.092,9.11,2.3135250330323798,3.8,758,Low
Adugodi_12.936_77.619,31,52.0,12.936806783870967,77.61881307419354,Adugodi,No Junction,15,48.4,2,0.086,8.94,2.2965670206684825,3.7,759,Low
HAL Old Airport_12.93_77.688,30,53.0,12.930940123596027,77.68706242907179,HAL Old Airport,No Junction,17,56.7,2,0.083,8.8,2.2823823856765264,3.6,760,Low
Sadashivanagar_13.035_77.568,31,51.5,13.035002929032258,77.5676957451613,Sadashivanagar,No Junction,19,61.3,2,0.086,8.86,2.288486168614544,3.6,761,Low
Kodigehalli_13.038_77.565,31,51.5,13.038431996774193,77.56610643225807,Kodigehalli,No Junction,17,54.8,2,0.086,8.86,2.288486168614544,3.6,762,Low
Hebbala_13.068_77.595,40,40.0,13.066943882499999,77.5942351325,Hebbala,No Junction,35,87.5,2,0.111,8.88,2.2905125117597764,3.6,763,Low
Jalahalli_13.05_77.547,33,48.5,13.048972472727273,77.54761793333334,Jalahalli,No Junction,21,63.6,2,0.092,8.92,2.2945529212967815,3.6,764,Low
Vijayanagara_12.966000000000001_77.541,37,42.0,12.964898827027028,77.54039057567567,Vijayanagara,No Junction,22,59.5,2,0.103,8.65,2.2669579153508947,3.4,765,Low
Whitefield_12.96_77.748,30,51.5,12.960526433333333,77.74736459666666,Whitefield,No Junction,15,50.0,2,0.083,8.55,2.256541154492639,3.4,766,Low
Bellandur_12.894_77.676,39,39.0,12.895218166666666,77.6759127,Bellandur,No Junction,13,33.3,2,0.108,8.42,2.2428350885882717,3.3,767,Low
Hennuru_13.044_77.628,39,39.5,13.04525414102564,77.62708696410257,Hennuru,No Junction,4,10.3,2,0.108,8.53,2.254444717666111,3.3,768,Low
Hulimavu_12.873000000000001_77.595,34,44.5,12.87286763628262,77.59435702649023,Hulimavu,No Junction,8,23.5,2,0.094,8.37,2.2375130962503307,3.2,769,Low
Mahadevapura_13.008000000000001_77.76,37,39.5,13.008975970270269,77.75881793513513,Mahadevapura,No Junction,25,67.6,2,0.103,8.14,2.2126603854660587,3.0,770,Low
Electronic City_12.894_77.676,38,38.0,12.895171642105263,77.67578684473683,Electronic City,No Junction,28,73.7,2,0.105,7.98,2.194999882314108,2.9,771,Low
K.R. Pura_13.002_77.724,33,43.0,13.003442112121212,77.72346172121212,K.R. Pura,No Junction,12,36.4,2,0.092,7.91,2.187174241482718,2.8,772,Low
Devanahalli Airport_13.197000000000001_77.706,30,47.5,13.196551203333334,77.70564687999999,Devanahalli Airport,No Junction,16,53.3,2,0.083,7.89,2.1849270495258133,2.8,773,Low
Bellandur_12.909_77.676,30,47.0,12.90857407899122,77.67608269240155,Bellandur,No Junction,20,66.7,2,0.083,7.8,2.174751721484161,2.7,774,Low
Bellandur_12.915000000000001_77.673,36,39.0,12.916205955555556,77.67325296666667,Bellandur,No Junction,13,36.1,2,0.1,7.8,2.174751721484161,2.7,775,Low
Basavanagudi_12.939_77.556,33,41.0,12.938112859944582,77.5566532554719,Basavanagudi,No Junction,26,78.8,2,0.092,7.54,2.1447610078004784,2.5,776,Low
Banaswadi_13.014000000000001_77.628,31,43.5,13.013360706451614,77.62688245806451,Banaswadi,No Junction,6,19.4,2,0.086,7.48,2.1377104498038118,2.4,777,Low
Yelahanka_13.098_77.589,32,41.0,13.0993874625,77.588430671875,Yelahanka,No Junction,22,68.8,2,0.089,7.3,2.1162555148025524,2.3,778,Low
Basavanagudi_12.942_77.562,34,37.5,12.941642944286453,77.56182915525069,Basavanagudi,No Junction,22,64.7,2,0.094,7.05,2.085672091430472,2.1,779,Low
Banaswadi_13.005_77.664,35,36.0,13.00357552,77.66283148285713,Banaswadi,No Junction,23,65.7,2,0.097,6.98,2.0769384114617173,2.0,780,Low
Shivajinagar_12.987_77.601,31,40.0,12.98726593548387,77.60194592903225,Shivajinagar,No Junction,2,6.5,2,0.086,6.88,2.064327903869788,1.9,781,Low
Jnanabharathi_12.939_77.493,30,41.0,12.939165856666667,77.49293593333333,Jnanabharathi,No Junction,4,13.3,2,0.083,6.81,2.0554049638515948,1.8,782,Low
Kengeri_12.93_77.514,30,40.5,12.930898356159929,77.51516447018975,Kengeri,No Junction,15,50.0,2,0.083,6.72,2.0438143640366846,1.7,783,Low
Jayanagara_12.93_77.592,31,37.5,12.929380432258066,77.59188037419354,Jayanagara,No Junction,10,32.3,2,0.086,6.45,2.0082140323914683,1.5,784,Low
Pulikeshinagar(F.Town)_12.996_77.619,30,39.0,12.995941083333333,77.61815025666667,Pulikeshinagar(F.Town),No Junction,23,76.7,2,0.083,6.47,2.010894999144726,1.5,785,Low
Jayanagara_12.933_77.592,33,35.0,12.931554748484848,77.59254472727274,Jayanagara,No Junction,8,24.2,2,0.092,6.44,2.0068708488450007,1.5,786,Low
Pulikeshinagar(F.Town)_13.005_77.622,34,34.0,13.00565744117647,77.62107648529411,Pulikeshinagar(F.Town),No Junction,0,0.0,2,0.094,6.39,2.0001277349601105,1.4,787,Low
HSR Layout_12.924_77.649,30,37.5,12.924366263333333,77.64995879333333,HSR Layout,No Junction,7,23.3,2,0.083,6.22,1.9768549529047348,1.2,788,Low
Pulikeshinagar(F.Town)_12.987_77.61,30,35.0,12.98745905,77.60869094333334,Pulikeshinagar(F.Town),No Junction,3,10.0,2,0.083,5.81,1.918392120161421,0.8,789,Low
Bellandur_12.897_77.676,31,34.0,12.89798707419355,77.67540095161291,Bellandur,No Junction,13,41.9,2,0.086,5.85,1.9242486522741338,0.8,790,Low
Kengeri_12.909_77.514,31,31.0,12.909757741935485,77.51337037741936,Kengeri,No Junction,21,67.7,2,0.086,5.33,1.8453002361560848,0.2,791,Low
Electronic City_12.855_77.661,30,31.0,12.85432268,77.66211305,Electronic City,No Junction,28,93.3,2,0.083,5.15,1.8164520818184267,0.0,792,Low